label	text
34	设置在制导飞行器上的扰流板系统及应用其的方法<sep>本发明公开了一种设置在制导飞行器上的扰流板系统及应用其的方法<sep>该系统包括设置在飞行器尾部内部的扰流板，该能够从飞行器内部伸出或收回；当所述扰流板从飞行器内部伸出时能够改变飞行器的飞行姿态，由于飞行器在行进过程中是持续旋转的，所以扰流板在飞行器上的方位也是事实变化的，通过调节扰流板伸出的时机，能够通过扰流板为飞行器提供不同的作用力和力矩，当扰流板位于飞行器上方时伸出，能够提供促使飞行器前端上扬的作用力<sep>当扰流板位于飞行器左侧时伸出，能够提供促使飞行器前端左偏的作用力。
34	航天器再入返回轨道规划方法<sep>本发明涉及一种航天器再入返回轨道规划方法<sep>包括步骤：a.确定航天器再入返回轨道的再入点位置和速度；b.确定返回轨道规划的参数变量；c.建立返回轨道规划方程；d.返回轨道计算；e.计算倾侧角时间曲线；f.规划航天器再入返回轨道的再入过载；g.重复步骤a～f，迭代求解航天器返回轨道<sep>根据本发明的航天器再入返回轨道规划方法，采用该方法可以快速设计航天器的返回轨道，对近地轨道返回和深空跳跃式返回的返回轨道设计有一定的参考价值
34	一种新型直升机搭载探测仪器吊挂<sep>一种直升机搭载探测仪器吊挂属于空间空间探测仪器搭载技术领域<sep>目的在于解决现有技术存在的闲时所占空间较大以及探测数据及分析不准确的问题<sep>本发明包括：外框架；设置在外框架上端的姿态调节机构；设置在姿态调节机构上端通过分离机构连接的角度调整机构，角度调整机构上端通过牵引绳索和直升机连接，通过角度调整机构调整整个吊挂的角度；通过分离机构实现姿态调节机构和角度调整机构连接的分离；设置在外框架内的重心调节机构，通过重心调节机构调节外框架及搭载在外框架上的结构的重心；设置在外框架上的折叠机构，通过折叠机构带动搭载的探测仪器收放；以及设置在外框架上的控制单元，通过控制单元控制整个吊挂动作
34	用于提供自主摄影及摄像的系统和方法<sep>一种航空系统包括处理系统、光学系统、致动系统和升力机构<sep>所述航空系统包括至少部分地由处理系统22、光学系统26、致动系统28和升力机构32实现的自主摄影和/或摄影系统70<sep>自主摄影和/或摄像系统实施以下步骤：确立期望的飞行轨线，检测目标，相对于目标利用升力机构、根据期望的飞行轨线控制航空系统的飞行，以及控制摄像机以捕获图片和/或视频
34	基于多系绳连接点对空间失稳目标的绕飞消旋控制方法<sep>本发明公开了基于多系绳连接点对空间失稳目标的绕飞消旋控制方法<sep>包括：飞行器利用网状捕获载荷捕获失稳目标形成系绳连接；根据目标形状将网状捕获载荷与目标的接触等效为多个系绳连接点；飞行器对目标进行主动绕飞，根据目标姿态运动及系绳伸展方向判断目标上的主系绳连接点，根据主系绳连接点计算所需期望张力，利用系绳张力控制机构输出所需张力，实现对目标的消旋控制，判断连续消旋结束时间阈值t时间内目标角速度ω是否小于等于ω，若满足则绕飞消旋控制结束，若不满足则维持<sep>本发明解决了飞行器利用网状捕获载荷沿自旋轴方向捕获失稳目标后，利用多系绳连接点对失稳目标的消旋控制难题，为利用网状捕获载荷拖曳移除空间碎片提供了先决条件
34	具有风扇和在动力涡轮轴上的减速装置的涡轮发动机<sep>本发明涉及一种飞行器推进组件<sep>包括涡轮(15)、至少一个风扇(10)以及用于在涡轮和风扇之间传输动力的机构，其特征在于，该动力传输机构包括减速器(20)，该减速器具有移动输入端和移动输出端<sep>该输入端处于涡轮的轴(16)的延长部中
34	单侧多节点的仿生扑翼飞行器<sep>本发明公开了一种单侧多节点的仿生扑翼飞行器<sep>该单侧多节点的仿生扑翼飞行器包括：机翼本体以及两个机翼折叠结构，每一机翼折叠结构包括：第一连杆、第一关节结构、第一臂、第二臂、第三臂、第二关节结构、第三关节结构、第二连杆、驱动机构以及驱动定位件；第一连杆的第一端连接机翼本体，第二端连接第二臂的第一端；第一臂连接机翼本体，第二端连接第一关节结构；第一臂、第二臂、第三臂以及第二连杆形成四连杆机构；驱动机构设置在机翼本体上，输出端通过驱动定位件连接第三臂，并通过驱动定位件带动第三臂以第二关节结构为中心朝第一方向旋转以达到机翼展开状态，朝第二方向旋转以达到机翼收拢状态<sep>本发明能实现机翼的主动式折叠及飞行
34	一种舱门连接组件<sep>本发明提供了一种舱门连接组件<sep>包括连接销、连接套以及连接连接销和连接套的连接螺钉。连接销固定设置于舱门上，连接套固定设置于航天器的门框上，连接销上设置有贯穿连接销的第一通孔，且第一通孔为光孔，连接套上设置有第二通孔，且第二通孔设置有内螺纹，连接螺钉包括依次连接的螺钉头、光杆段和连接螺纹段，连接螺钉的连接螺纹段穿过第一通孔后与第二通孔内的内螺纹配合，第一通孔在远离连接套的一端的孔壁上设置有用于防止连接螺钉脱离出第一通孔的止脱部。本技术方案通过连接螺钉将连接销和连接套连接在一起以实现舱门在门框上的紧密连接，其连接强度高<sep>有助于航天员在失重环境下打开和关闭舱门
34	一种运输飞机起飞绿色带确定方法<sep>本发明涉及一种运输飞机起飞绿色带确定方法<sep>本方法包括1)起飞绿色带下极限位置确定：和2)起飞绿色带上极限位置确定等步骤，本专利适用于运输类飞机采用平尾纵向配平的起飞绿色带确定飞行试验，规定了运输类飞机起飞绿色带试飞的具体方法，给出了试验流程<sep>能够有效规避试飞风险提高试飞效率
34	飞行器<sep>一种飞行器<sep>包括机身以及设置于所述机身内的感测组件和支撑件，所述机身包括主壳体。所述主壳体包括底壁以及与所述底壁相连的侧壁，所述侧壁与所述底壁共同围成收容空间。所述感测组件和支撑件收容于所述收容空间内，所述支撑件连接于所述底壁上，所述感测组件设置于所述支撑件上且与所述侧壁之间具有间隙<sep>所述飞行器将采用支撑件将所述感测组件设置于机身的底壁上并使所述感测组件与机身的侧壁保持间隙，能够有效减少或者消除所述感测组件受到的平行于所述底壁方向的震动
34	一种航天器推力室夹套的修复方法及航天器推力室<sep>本发明公开一种航天器推力室夹套的修复方法及航天器推力室<sep>提供推力室，推力室包括外壁、内壁和凸肋，内壁通过凸肋与外壁焊接连接，凸肋在外壁和内壁焊接后在内壁和外壁之间限定多条供冷却剂流通的通道；向通道内打压，检验外壁与凸肋间的脱粘部位，通过打压使得外壁对应脱粘部位的位置出现凸起；在内壁的内侧设置成像底片；通过射线照射凸起，使对应凸起的凸肋在成像底片上形成第一影像；比较第一影像与凸起和凸肋在成像底片上的位置关系，在外壁上确定待焊接的轨迹；沿轨迹对外壁进行激光焊接，完成推力室夹套修复<sep>整个工艺设计合理，节约成本
34	一种航空轮胎宽轮毂芯的组合式航空机轮<sep>一种航空轮胎宽轮毂芯的组合式航空机轮<sep>将内半毂芯和外半毂芯分别与辐板连接在一起组成完整的毂芯，将该内半轮缘和外半轮缘分别与辐板固连，组成组合式航空机轮<sep>本发明整体式结构的机轮轮毂分解后再组合，取单辐板和对开式的优点，取消纵剖面呈“e”形的整体式轮毂结构，有利于锻件机械性能保证和提高，充分利用现有锻压设备，能够满足大尺寸、深腔机轮制品技术要求，并且改善了航空机轮维修性，使基本不可修的机轮轮毂能够维修，方便了外场航材备件订货，提高航空产品制造和使用综合效益，适用于大型、重载飞机和高速飞机的发展需求，具有明显的综合经济效益
34	基于流量调节和喷管摆动混合姿态控制方式的喷水飞行器<sep>本发明涉及飞行器技术领域<sep>尤其涉及基于流量调节和喷管摆动混合姿态控制方式的喷水飞行器，包括流量调节阀、进水管、喷水机构、方向调节机构和驱动机构，喷水机构具有进水口和多个喷水口，进水口与进水管连接，流量调节阀可转动的设于进水口与多个喷水口之间，用于控制流向各个喷水口的水流量，驱动机构与流量调节阀连接，方向调节机构用于调节至少一个喷水口的喷水方向<sep>从喷水机构喷出的水给飞行器本体提供一个反向的推力，通过调节各个喷水口的喷水量和喷水口的喷水方向，可实现对飞行器飞行姿态的控制，只需通过流量调节阀调节各个喷水口的喷水量的大小，并通过方向调节机构调节喷水方向，即可实现飞行器在三维空间的稳定飞行
34	基于多agent的机场场面滑行冲突的规避方法<sep>本发明提供了一种基于多agent的机场场面滑行冲突的规避仿真方法。该方法包括：将每架飞机定义为一个飞机agent对象<sep>在机场的多个位置节点上分别设置多个冲突agent。当飞机在机场滑行时，根据飞机和机场的基础信息计算出飞机的滑行路径，向滑行路径前方距离最近的多个冲突agent发送通过消息，冲突agent根据接收到的多个通过消息中不同飞机的位置、速度和时间戳信息，通过冲突检测算法判断出是否有两架以上飞机之间存在滑行冲突，向存在滑行冲突的飞机发送滑行冲突警告消息，飞机收到所述冲突警告消息后，降低滑行速度<sep>本发明通过局部计算及决策进行实时消息传递，实现飞机滑行冲突解脱，克服了现有算法中计算规模过大，状态空间爆炸的问题，提高了运算效率
34	自动航空器的推进器安全性<sep>本公开描述了一种自动航空器(aav)和用于自动检测所述aav的推进器和物体(例如<sep>人类、宠物或其他动物)之间的接触或迫近接触的系统。当检测到接触或迫近接触时，可执行安全配置文件以减少或避免对所述物体和/或所述aav的任何可能损害。例如，如果检测到物体与所述aav的推进器接触，那么可使所述推进器的旋转停止以避免损害所述物体<sep>同样地，可使用物体检测部件来检测正在接近推进器的物体，停止所述推进器的旋转，和/或将所述aav导航远离所述检测到的物体
34	一种通用飞机隐藏式指点信标天线<sep>本实用新型公开了一种通用飞机隐藏式指点信标天线<sep>用于通用飞机的指点信标导航，主要包括安装在飞机机腹内并与飞机的水平轴面平行的指点信标天线本体，所述指点信标天线本体与设置在机腹内的指点信标接收机信号连接，所述信标天线本体主要包括偶极天线和同轴电缆，信标天线本体通过同轴电缆与所述指点信标接收机信号连接以进行信号传输，所述偶极天线包括铁氧体及水平设置在铁氧体两侧的第一铜箔胶带和第二铜箔胶带，所述第一铜箔胶带通过导线与铁氧体电性连接，所述第二铜箔胶带通过导线与同轴电缆电性连接<sep>所述铁氧体包括呈倒l形一体式设置的第一连接部和第二连接部，所述第一铜箔胶带通过导线与铁氧体的第二连接部电性连接。
34	玻璃钢制航向天线易碎杆<sep>本发明属于机场助航设施技术领域<sep>具体涉及玻璃钢制航向天线易碎杆。本发明所述航向天线的易碎杆由易碎材质制成，且设有若干特殊结构的易碎点，正常使用时比较稳固，在受到外力撞击时快速折断或破碎，避免对飞行器造成损伤甚至威胁司乘人员的安全<sep>天线由可调节水平角度、竖直角度的安装架固定，且可通过连杆的摆动实现粗调和支耳的摆动实现精调，安装、调试、检修均省时省力、方便快捷，具有极大的推广价值和应用前景
34	一种基于旋翼飞行器的交会对接实验平台<sep>本发明公开了一种基于旋翼飞行器的交会对接实验平台<sep>通过采用旋翼飞行器配合三自由度的云台模拟六自由度的航天器，采用单目视觉方法作为目标测量系统，来研究与验证交会对接逼近过程时的目标测量与导航控制方法<sep>该平台具体包括：模拟目标航天器的目标飞行器、目标飞行器的云台末端粘贴目标标签、模拟追踪航天器的追踪飞行器、追踪飞行器上搭载云台相机和移动计算机；本发明采用无人机实现交会对接的模拟实验平台，相比于目前国内外通用的以工业六自由度机器人为基础的实验平台，灵活度高、成本低，适用于普通高校实验室的研究工作，利于交会对接研究工作的进一步开展
34	飞行流量调控方法和装置<sep>本发明提供一种飞行流量调控方法和装置。该方法中<sep>根据规划的每个民航的飞行计划和每个军航的飞行计划，采用预先获取的第一模型和第二模型，获取满足预设约束条件的新的飞行计划，第一模型用于根据民航的飞行计划和军航的飞行计划获取空中交通拥挤度，第二模型用于根据民航的飞行计划和军航的飞行计划获取飞行活动延误代价，约束条件用于对规划的飞行计划和新的飞行计划之间的起飞降落时间和飞行路径进行约束，然后根据新的飞行计划进行飞行流量调控<sep>通过综合考虑民航和军航的飞行计划，实现了民航和军航整体飞行流量的全局调控，并兼顾了空域网络运行的安全性和经济性
34	一种组合飞行器<sep>本发明涉及航空飞行器设计领域<sep>特别涉及一种组合飞行器。组合飞行器包括至少两个可独立飞行的无人机，且所述至少两个无人机之间具有组合飞行状态和分体飞行状态；其中所述无人机外形呈菱形，包括机身及位于所述机身两侧的机翼，每一侧的机翼在机身平面内呈等腰梯形；所述机身包括沿所述无人机飞行方向分别向两侧延伸的机头和机尾；在所述机翼的翼梢、所述机头两侧面具有以及所述机尾的尾部均具有接头<sep>本发明的组合飞行器结构简单，能够有多种组合形式，组合架数不限，容易实现，并且气动效率高
34	一种航天器对接机构主动对接控制方法<sep>本发明公开了一种航天器对接机构主动对接控制方法<sep>该方法包含接触准备控制、捕获识别控制、平衡监测控制、锁紧控制、状态归位控制、对接控制完成过程，驱动航天器对接机构中第一直流电机、第二直流电机、第三直流电机、阻尼设备、电磁阀动作，促使对接机构中锁紧设备、捕获设备、对接环、平衡传感器处于指定状态<sep>本发明解决了对接机构主动对接控制不连续，精度不高的问题，实现了航天器对接机构与空间目标飞行器对接机构的精准对接
34	飞行器后部结构<sep>本发明提供了一种飞行器后部结构<sep>该飞行器后部结构包括：后压力隔壁(1)，以及升力表面，所述升力表面位于飞行器的机身的两侧，所述升力表面包括沿升力表面的纵向方向延伸的翼梁<sep>其中
34	飞机电刹车机电驱动架构及刹车力控制方法<sep>一种飞机电刹车机电驱动架构及刹车力控制方法。驱动控制架构中的各机电驱动器分别与每个机轮刹车装置上的一个机电作动器连接<sep>并同时接收来自第一刹车控制与监测单元和第二刹车控制与监测单元的左机轮刹车综合指令和右机轮刹车综合指令。安装在各起落架轮轴上的各主轮远程数据集中器将产生的信号传递给飞机同侧的第一刹车控制与监测单元或第二刹车控制与监测单元<sep>本发明能够在飞机发生多重故障状态下，也能最大限度地保证刹车系统的性能，并且具有很高的安全性，充分发挥出电刹车系统多个机电作动器各自独立控制的余度优势，提高飞机电刹车系统的故障隔离、余度管理和故障状态下的系统重构能力，增强容错性和任务可靠性，保障飞机的刹车安全
34	基于数据捕获的行驶路线实时切换平台及方法<sep>本发明涉及一种基于数据捕获的行驶路线实时切换平台及方法<sep>所述平台包括：旋转摄像设备，包括旋转杆、云台和数据捕获单元，所述旋转杆设置在无人机的顶端并执行匀速水平旋转操作，所述云台设置在所述旋转杆之上，所述数据捕获单元设置在所述云台之上；模式切换设备，用于在接收到的飞行器类型为需要规避的类型时，控制无人机进入规避模式；行驶控制设备，用于在所述规避模式下基于实时定位位置控制无人机远离所述实时定位位置。本发明的基于数据捕获的行驶路线实时切换平台及方法规避灵活、设计简便<sep>由于能够准确识别到附近飞行器的类型和定位位置，从而帮助无人机制定有效的规避策略，以避免飞行事故的产生
34	一种旋转机翼飞机油电混合动力传动系统综合试验台<sep>一种旋转机翼飞机油电混合动力传动系统综合试验台<sep>它包括它地面基座（1），其特征是所述的地面基座（1）通过地脚螺栓与地面刚连，用于安放各种测试设备及飞机的传动系统；用于模拟旋翼系统所消耗的功率的测功机（2）安装在地面基座（1）的上部，测功机（2）的输入端与换向器（3）的输出端相连，换向器（3）的输入端与主减速器（6）的输出轴相连，主减速器（6）的一个输入端与电机（8）的输出轴相连，另一端输入通过牙嵌离合器（10）与输出轴（16）的一端相连，输出轴（16）的另一端与前拉螺旋桨系统（15）相连<sep>本发明具有可调节基座，方便旋转机翼类无人机动力系统及传动系统的安装；传感器的布置，可获取有效的试验数据
34	一种直升机及弹射逃生缓冲装置<sep>一种直升机及弹射逃生缓冲装置属于直升机逃生装置技术领域<sep>目的在于解决现有技术存在的直升机在遇到坠毁时弹射过程复杂、安全系数低以及防护性能差的问题<sep>本发明的一种直升机包括：机体；和所述机体可拆卸连接的驾驶舱；设置在所述机体和驾驶舱的连接处实现机体和驾驶舱连接或脱离的连接保护装置；以及设置在驾驶舱上靠近机体和驾驶舱的连接处一端的分离缓冲装置，通过所述分离缓冲装置的火箭弹射器和降落伞的作用降低驾驶舱降落以及着陆的速度
34	航天运载器转运对接锁定装置<sep>本发明提供一种航天运载器转运对接锁定装置<sep>包括：转运起竖架，被配置为起竖航天运载器并放置在行走装置上，所述行走装置提供前进的动力运输所述转运起竖架，所述转运起竖架下表面包括凹型导轨；平台支架，被配置为支撑所述行走装置运输来的所述转运起竖架，所述平台支架安装于发射台的一侧，且所述平台支架上表面包括凸型导轨；锁定组件，分别设置在所述转运起竖架与所述平台支架上并被配置为将所述转运起竖架锁定在所述平台支架上<sep>该航天运载器转运对接锁定装置节省了人力并提高了对接效率，缩短航天运载器的发射准备时间
34	一种空中管制系统用雷达保护装置<sep>本发明涉及空中管制系统技术领域<sep>且公开了一种空中管制系统用雷达保护装置，包括底座，所述底座的内底壁焊接有安装架，所述安装架的顶部和底部均开设有滑槽，两个所述滑槽之间开设有通孔，所述通孔的面积小于滑槽的面积<sep>空中管制系统用雷达保护装置，通过将信号板安装在安装架上，当遇到恶劣天气时，连接杆带动传动轨移动，传动轨通过和调节板带动转轴转动，转轴带动信号板转动，由图1转变到图4状态，在通过液压装置推动控制杆，控制杆通过转动套带动连接杆移动，如图5，连接杆通过转轴带动信号板收缩，直至多块信号板收叠在一起，这样减小了雷达信号板暴露在外界的面积，减小了损伤，起到了保护作用
34	航空器起落装置<sep>本发明涉及一种航空器起落装置(2)<sep>该起落装置包括：‑支腿(6)，该支腿能可枢转地连接到航空器(1)的负载支承结构，用于起落装置(2)的展开和缩回；‑相对于支腿(6)可旋转的轮子(13，14)和可使轮子(13，14)相对于支腿(6)旋转的电动马达(15，16)<sep>‑传动机构(17)，其被设计为将由电动马达(15，16)产生的扭矩选择性地传递到轮子(13，14)以使轮子相对于支腿(6)旋转，或者传递到支腿(6)以使支腿(6)相对于航空器(1)的负载支承结构旋转，从而展开或缩回起落装置(2)。
34	飞行器及热防护系统<sep>本公开提出一种飞行器及热防护系统<sep>属于航空飞行器技术领域。该热防护系统应用于飞行器，飞行器包括机头、机身和机翼。其中，热防护系统包括第一回路、第二回路和动力供给装置。第一回路包括第一热源管路和第一冷源管路，第一热源管路设于机头或机翼前沿，第一冷源管路设于机身背风面。第二回路包括第二热源管路和第二冷源管路，第二热源管路设于机身迎风面，第二冷源管路设于机身背风面。动力供给装置连接于第一回路和第二回路，用于驱动流体介质在第一回路和第二回路内循环流动<sep>该热防护通过流体介质以闭式循环的方式在飞行器高温区、低温区之间进行热量交换，从而起到降低飞行器高温区温度的作用
34	用于目标的实时飞行模拟的装置和方法<sep>本公开涉及用于目标的实时飞行模拟的装置和方法。提供了用于目标的实时飞行模拟的系统。传感器系统可在飞行器飞行期间生成该飞行器的环境的现场流<sep>该现场流具有与指示飞行器在该环境内的实时位置的结构化信息相关联的元数据。目标发生器可从信息源生成目标图像，从该信息源可生成多个不同的目标图像。目标发生器还可生成包括目标图像的环境的合成场景。然后，叠加引擎可将合成场景叠加到现场流上，使得目标图像在空间和时间上与飞行器在环境内的实时位置相关<sep>具有叠加的合成场景的现场流可被输出以用于在飞行期间呈现在飞行器的显示器上
34	一种液压驱动螺旋桨电机收放机构<sep>本发明公开一种液压驱动螺旋桨电机收放机构<sep>属于飞行器设计领域。电机通过电机支座固定于摇臂上，摇臂通过转轴连接于机翼中段大梁上。在摇臂上安装有与液压缸活塞杆连接的支座，通过该支座，电机摇臂与液压缸活塞杆以转轴方式连接。通过液压驱动活塞杆实现电机在机身中的收放。在摇臂下端连接有挡叉，在机身上设置有限位块，通过限位块限制挡叉的运动进而来限制摇臂的运动。电机电缆通过摇臂内部引入机身<sep>本发明利用液压作动实现了电机及螺旋桨在机身中的收放，结构重量轻，受力特性好，可靠性高，满足了变体潜水飞机飞行器空气和水中航行时对螺旋桨和电机收放的要求
34	一种机翼颤振与涡激振动耦合且可调谐式压电俘能器<sep>一种机翼颤振与涡激振动耦合且可调谐式压电俘能器<sep>属于空气流致振动俘能技术领域，解决现有俘能器适用于单一风速、俘获能量低、难以推广应用的问题。板簧的一端与固支座连接，另一端与支架的一端可调节连接，实现有效工作长度调节，支架的另一端安装有弹性轴，机翼的迎风侧通过弹性轴与支架可调节连接，改变机翼传递到板簧上的气动力和力矩，机翼的尾缘上装有悬臂梁，悬臂梁的自由端连接扰流柱，两个板簧以及悬臂梁上均安装有压电片<sep>本发明可任意调节板簧的有效工作长度和弹性轴与机翼的安装位置，改变机翼颤振发生条件，耦合扰流柱产生的涡激振动，提高了俘能性能和效率；可广泛应用于微型翼型飞行器或复杂多变的风场中进行空气流致振动俘能
34	一种用于航天运载器连接器的防护装置和方法<sep>本发明提供一种用于航天运载器连接器的防护装置和方法<sep>连接器包括防护架导向组件，防护架具有一开口和可活动的翻盖，翻盖闭合开口后防护架为密闭的腔室；导向组件设置于防护架内，导向组件通过伸缩可穿过开口；在导向组件前端设置连接器，在航天运载器发射后导向组件带动连接器及其管路远离航天运载器并收缩至防护架内，翻盖自动闭合<sep>该用于航天运载器连接器的防护装置能够避免连接器及其管路受到燃气的灼烧，全自动的防护装置能够节省人力，使得操作过程更加安全可靠
34	一种通用飞机座舱梁及其设计方法<sep>本发明提供一种通用飞机座舱梁的设计方法<sep>包括如下步骤：确定机身中摇臂以及钢索的位置，以此定位座舱梁轴线；计算机身扭矩和弯矩，以此确定座舱梁样式并计算该座舱梁尺寸，同时根据重量最小原则，确定座舱梁的所有尺寸参数，座舱梁为铝合金薄壁直圆管，外径为10cm～20cm，壁厚为2mm；将座舱梁一端与前机身主传载结构件连接，将座舱梁另一端与中后机身主传载结构件连接；将连接件套装于座舱梁上，同时将该连接件与机身承载框固连，以使座舱梁与机身结构形成固支结构；将与座舱梁相关系统的安装点固定在座舱梁上<sep>本发明所提供的座舱梁及其设计方法，可替代座椅下方和两侧的承载结构，在保证机身纵向弯矩和扭矩传递的同时，更大限度降低飞机结构重量
34	基于叶片可转立式双轮式动翼推动的飞行器<sep>本发明公开了一种基于叶片可转立式双轮式动翼推动的飞行器<sep>其特征在于包括轮式动翼、传动机构、凸轮、旋转轴、减速器、电动机、机身框架和固定翼，机身框架两侧对称的安装固定有两个凸轮，机身框架两侧对称的布置有两个竖直方向的旋转轴，设置在机身框架上的两个电动机分别通过设置在机身框架上的两个减速器减速后分别带动两个旋转轴连续旋转，两个旋转轴的转动方向相反，两个轮式动翼分别固定连接在两个旋转轴上，两套传动机构分别连接两个轮式动翼和两个凸轮，轮式动翼包括旋转框架，以及安装在旋转框架内的可转动的叶片<sep>凸轮和传动机构用于控制叶片的转动和复位
34	一种用于变体飞机的可收放式鸭翼装置及其使用方法<sep>本发明提出一种用于变体飞机的可收放式鸭翼装置及其使用方法<sep>舱门在鸭翼展开时自动打开，鸭翼收回后自动封闭机身开口，并保持外表面的完整和光滑。本发明设计的可收放式鸭翼装置，在鸭翼驱动组件的驱动下，不需要时鸭翼能够收回机身内，需要时鸭翼能够展开，同时，鸭翼驱动组件与舱门驱动组件之间设计为联动，在鸭翼需要展开或收回时，舱门能自动打开和关闭，仅用一台电机即实现鸭翼的收放和舱门开闭的协同控制<sep>另外，通过在舱门上设置柔性密封片，实现了鸭翼展开状态下的封严功能，保证机身外表面的完整和光滑，将鸭翼收放对飞机气动和隐身性能的不利影响降到最低
34	隐藏式涡扇垂直起降固定翼飞行器<sep>本申请公开了一种隐藏式涡扇垂直起降固定翼飞行器<sep>包括飞行器本体，所述飞行器本体包括机身部和设置在机身两侧的机翼部，所述飞行器本体具有上下贯通的安装腔，所述安装腔位于两个机翼部和机身部的交汇区域，所述飞行器本体还包括水平设置在安装腔的涡扇，飞行器本体还包括设置在安装腔上下两侧的可开合封板<sep>本申请通过设置安装腔以及可开合的封板能够使涡扇嵌装在飞行器本体内，在飞行器需要垂直起降或空中悬停时，打开上下封板，使气流高速通过涡扇，形成升力；在飞行器平飞时关闭上下封板，保持飞行器完整翼型，减小空气阻力
34	一种可变面积可转动的仿生翼梢小翼<sep>本发明一种可变面积可转动的仿生翼梢小翼<sep>属于飞行器技术领域；包括传动机构、变形机构和整流前缘；所述传动机构的电机通过固定座固定于机翼翼尖，其转子通过转轴与所述变形机构连接，用于调整小翼相对机翼的转动角度；所述变形机构由羽毛上的短杆、第一长杆、第二长杆、以及所述固定板的铰接孔的连线组成平行四边形结构；所述舵机带动连杆控制所述平行四边形结构转动角度，进一步实现所述可变机构的面积改变；采用平行四边形的变面积方式，简单可靠，并且拥有较大的面积变化范围，本设计中最大面积至少是最小面积的2倍以上<sep>较大的范围意味着效果更好的舵效变化范围，从而对于不同的滚转操控，可以更好的适配
34	通过平衡位置测量来监视飞机发动机叶轮的方法及设备<sep>本发明涉及一种用于监视飞机发动机叶轮(22)的方法<sep>该方法包括：采集与叶轮叶片(23)从传感器(21)前方通过时的时刻有关的至少一个时间信号；确定飞机的当前飞行阶段；针对飞机的一系列飞行中的每次飞行，使每个时间信号的至少一部分与预定飞行阶段相关联；以及针对每个叶片(23)，针对每次飞行以及针对每个预定飞行阶段，测量叶片的尖部的平均位置(24c)，即所谓的“平衡位置”。本发明还涉及一种用于实施该方法的设备<sep>本发明的一个优势是使用少量传感器和低计算能力来提供对叶片的诊断
34	一种拖锥系统<sep>本实用新型公开了一种拖锥系统<sep>涉及航空发动机领域。用于解决因静压测量受到飞机本身对气流的干扰，导致根据总压和静压确定的飞机速度存在误差的问题<sep>该拖锥系统包括：尾锥体、静压测量管、引压管、牵引钢丝及传感器；所述引压管的一端与所述尾锥体密封连接，另一端通过转换接头与所述传感器连接；所述牵引钢丝设置在所述引压管内，所述牵引钢丝的一端与所述尾锥体连接，另一端与所述转换接头连接；所述静压测量管设置在所述引压管内，所述静压测量管上设置静压测量孔，且所述牵引钢丝贯穿所述静压测量管；所述尾锥体为圆锥体，且所述圆锥体上设置有圆孔
34	水空两栖观光电动旋翼飞行器<sep>一种水空两栖观光电动旋翼飞行器,整机包含上部涵道风扇平台<sep>中间观光客舱，下部水用船体模块，提供一种水空两栖的观光工具。实现方式为在水滴状流线型船体结构上方，安置透明观光用客舱，并在客舱上方加装涵道风扇平台结构安置涵道风扇提供升空与飞行的动力。水密舱附加安全装置，通过失效弹出的保护方式，为动力失效条件下的安全平稳水上着陆提供保障<sep>本发明通过涵道风扇的动力系统能够很大程度上解决传统水上飞机的滑跑距离较长的问题，能够实现垂直起降，同时，采用4涵道风扇的设计，极大的避免了全动力失效的情况，设计了额外的保护措施，提高了安全性，在航空邻域以及相关领域有一定的应用价值
34	一种空中充电飞行装置的控制方法及装置<sep>本发明公开了一种空中充电飞行装置的控制方法<sep>涉及无人机无线充电领域，所述方法包括：获取飞行装置飞行的第一航线上的无线充电节点信息；所述无线充电节点信息包括所述无线充电节点的充电效率分布信息；根据所述充电效率分布信息，确定所述飞行装置的飞行参数；所述飞行参数包括飞行速度和/或飞行功率；根据所述飞行参数，控制所述飞行装置飞行。同时，本发明还公开了一种空中充电飞行装置的控制装置。本发明通过在不同充电效率的区域，采用不同飞行速度飞行，有效提高整体无线充电的效率<sep>具体而言，高充电效率区的飞行速度低于或等于低充电效率区的飞行速度，增大飞行装置在高充电效率区的充电时间，提升整体充电效率
34	一种大曲率飞机机身装配双轨定位器单元<sep>本发明公开了一种大曲率飞机机身装配双轨定位器单元<sep>包括安装在工装平台上的第一安装座、安装在第一安装座自由端的立柱、设置在立柱顶部的第二安装座、设置在第二安装座上的悬臂；所述立柱通过第一滑动机构与第一安装座滑动连接，所述立柱上固定设置有定位销；所述第二安装座上安装有悬臂，所述悬臂通过第二滑动机构与第二安装座滑动连接；所述悬臂两侧的第二安装座上设置有对称的悬臂定位快锁销，所述悬臂的工作端安装有产品定位销栓<sep>本发明提高了定位器的伸缩距离和可达尺寸，扩大了工装空间，同时降低了定位器的后期维护成本，延长了定位器的使用寿命。
34	飞机涡轮喷气发动机机舱<sep>本发明涉及一种飞机涡轮喷气发动机机舱<sep>该机舱(1)包括不具有下部分叉的后段(4)，该后段包括推力反向系统，该推力反向系统包括可移动罩(20)，该机舱特征在于，包括与可移动罩(20)共同平移的引导系统<sep>所述引导系统与关于机舱(1)固定的至少一个联杆器配合
34	一种飞机交流发电机燃滑油散热器寿命试验测试装置<sep>本发明公开了一种飞机交流发电机燃滑油散热器寿命试验测试装置<sep>包括滑油侧常温系统、滑油侧高温系统、燃油侧常温系统、燃油侧高温系统、制冷系统、自控系统和环境舱<sep>本技术方案可实现多种燃滑油散热器进行流量、压力、温度和环境温度的循环疲劳试验，在该测试系统下，向产品通入高温、高压和大流量的滑油，当试验条件达到稳定后，通过自控系统自动进行切换，向产品通入低温、低压和小流量的滑油，从而实现验证油液流量、压力、温度的冲击来模拟飞机上油液流量、压力、温度和环境温度对产品寿命的影响，试验流量、压力、温度通过自控系统自动对管路上各检测点进行检测调节并采集记录，通过各检测点的采集参数反馈控制和数据记录
34	机场停机位的分配方法及装置<sep>本发明实施例提供一种机场停机位的分配方法及装置<sep>该方法包括：根据待分配的航班和机场环境的状态信息，构建环境状态矩阵；将环境状态矩阵输入至概率分配模型，获得概率分配模型输出的概率图，概率图用于指示将航班分配至每个停机位的概率；根据概率图为航班分配停机位<sep>本发明实施例通过根据待分配的航班和机场环境的状态信息，构建机场环境状态矩阵，提升建模的准确性，增大停机位分配的安全性；当待分配的航班和机场环境的状态信息发生变化时，只需要重新构建机场环境状态矩阵，就能得出相应的停机位分配方案，易于管理；直接将环境状态矩阵输入至概率分配模型，利用概率分配模型对航班进行实时分配，节省运算时间，提高机位分配问题效率
34	一种飞碟飞行器<sep>本实用新型提供了一种飞碟飞行器<sep>包括飞行器主体、中间动力推进器、外动力推进器、驾驶系统、燃料仓、设置在飞行器主体内的平衡仪、电力系统、雷达信号装置、以及设在飞行器主体底部的三脚轮支架；所述中间动力推进器设在所述飞行器主体中心，所述外动力推进器设在所述飞行器主体底部，所述驾驶系统、燃料仓均设在所述飞行器主体内<sep>本实用新型设有多个动力装置，可通过改变动力方向实现改变飞行方向，通过改变火力大小从而改变飞行器的速度大小，也可通过打开中间推动器和改变外推动器方向实现空中刹车或停留，也有利于飞行器起飞时更平衡，飞行时也更稳定。
34	滑行操作过程中用低压轴驱动风扇的飞行器发动机和方法<sep>本发明涉及在滑行操作过程中用低压轴驱动风扇的飞行器发动机和方法。具体地<sep>本发明提供了一种飞行器发动机、电动滑行系统和对应方法，以通过在滑行操作的过程中利用电动滑行系统驱动风扇组件来方便进行滑行，而无需操作核心燃气涡轮发动机。飞行器发动机包括核心燃气涡轮发动机，该核心燃气涡轮发动机包括压缩机、燃烧器和高压涡轮机。该飞行器发动机还包括联接至所述核心燃气涡轮发动机的风扇组件。该飞行器发动机进一步包括联接至所述风扇组件的电动滑行系统。该电动滑行系统包括能量存储装置和对由所述能量存储装置提供的能量作出响应的马达<sep>所述马达联接至所述风扇组件并被构造成在滑行操作的过程中驱动所述风扇组件
34	可以装弹射椅的直升机<sep>本发明是一种可以装弹射椅的直升机<sep>包括主机轴、固定桨叶总盘、平衡杆、轴套、控制折叠桨叶盘、分合盘组成。在突发情况下，所述分合盘内的制动销和轴套两侧的缺口相吻合，通过轴套随着螺纹向上移动，带动其内部的控制折叠桨叶盘，实现轴套和分合盘的分离，此时控制折叠桨叶盘带动平衡杆的上升和弹簧的共同作用下使直升机桨叶能够折叠，避免了弹射跳伞时旋翼伤人的状况<sep>该直升机克服了现有技术中的直升机弹射飞行员的问题处理不佳的现状，克服现有直升机不能安装弹射装置，提高了飞机员在紧急情况下生还的机率，该发明使飞行员安全弹出
34	一种飞机挡风玻璃疲劳实时监测装置<sep>本发明公开了一种飞机挡风玻璃疲劳实时监测装置<sep>其包括玻璃面应力监测采集通道，其呈网状预埋于挡风玻璃内部；第一应力传感器，其包覆于玻璃面应力监测采集通道内且设置于网状玻璃面应力监测采集通道的节点处；安装孔应力监测采集通道，其预埋于挡风玻璃内且与第二应力传感器相连，所述第二应力传感器预埋于挡风玻璃安装孔处<sep>所述第一应力传感器和第二应力传感器实时采集相应区域的应力信号，并分别经玻璃面应力监测采集通道和安装孔应力监测采集通道传送至处理器，当相应应力超过相应阈值时，处理器输出报警信息。
34	一种姿控动力系统热环境模拟试验热流控制系统及方法<sep>本发明属于航天发动机环境模拟技术领域<sep>具体涉及一种姿控动力系统热环境模拟试验热流控制系统及方法，解决了现有技术中灯阵热流密度控制连续性和可靠性不足，且过程中若热流测量出现较大偏离没有预警和应急处理的技术问题，其中，系统由上位机、控温仪、可控硅功率输出器和温度/热流传感器组成。控温仪采集试件的热流/温度值，与接收来自上位机的热流值进行比较，采用pid控制算法控制可控硅功率输出器的输出功率，同时将采集到的热流/温度值反馈给上位机进行数据保存、处理<sep>控制方法包括开环控制、以及在热流值或可控硅功率输出器输出电压出现较大偏差时，可由闭环控制切换为开环控制
34	高速多旋翼垂直起降飞行器<sep>本公开一般来说涉及包含固定翼飞行能力的高速垂直起降(vtol)飞行器。所述高速vtol飞行器可包含相对于所述飞行器在主翼上的纵轴等距地定位的至少两个推力产生旋翼以及相对于所述飞行器在垂直翼上的纵轴等距地定位的至少两个推力产生旋翼。所述旋翼可由电动机驱动。然而<sep>可使用其它动力源，例如，内燃机或混合式发动机。通过调整所述旋翼的速度和/或桨距，所述飞行器可从垂直飞行形态转变到水平飞行形态以及从水平飞行形态转变到垂直飞行形态<sep>本公开涉及一种高速多旋翼垂直起降飞行器
34	柔性飞行器的软件控制的刚度<sep>提供了柔性飞行器的软件控制的刚度。方法涉及由飞行器控制系统从一个或多个传感器接收与飞行器的形状和运动相关的偏斜信息<sep>以及由飞行器控制系统将偏斜信息分解成检测模态状态，包括具有第一模式强度的第一已知模式。方法还可以涉及由飞行器控制系统基于第一模式强度来确定第一模态补偿，以及由飞行器控制系统识别与第二已知模式相对应的期望控制。方法还可以进一步涉及基于第一模态补偿和第一模态权重，针对控制面确定第一控制响应，具有用于第一模式的第一模式权重以及用于第二模式的第二模式权重，以及基于期望控制和第二模式权重，针对控制面确定第二控制响应<sep>方法还可以涉及基于第一控制响应和第二控制响应，针控制面生成控制命令
34	一种粉末高温合金双辐板空心涡轮盘的连接方法<sep>本发明涉及航空发动机涡轮盘制造领域<sep>具体涉及一种粉末高温合金双辐板空心涡轮盘的连接方法。针对双辐板涡轮盘特有的半封闭、空心狭腔、焊接面积大的设计结构特点及新型粉末高温合金选材特点所带来的综合性问题，本发明以固相扩散连接为核心，通过焊接界面精密制备、扩散连接工艺曲线设计及优化、焊后恢复性能热处理等工艺措施，消除接头原始连接界面，实现粉末高温合金的可靠连接，提高涡轮盘结构完整性和使用性能<sep>与传统的高温合金扩散连接工艺相比，采用本发明的方法获得的连接接头原始连接界面消失，高温蠕变寿命超过了材料标准值，高温低周疲劳性能达到了材料标准值的90%以上，满足了空心涡轮盘设计及使用需求
34	一种飞机钣金拉伸精度控制机构<sep>本实用新型公开了一种飞机钣金拉伸精度控制机构<sep>包括主体和螺孔，所述主体的内部设置有安装机构，且安装机构的内部安置有控制面板<sep>该飞机钣金拉伸精度控制机构设置有安装机构，通过卡板卡合在卡槽的内部，从而将控制面板安装在安装机构的内部，十分便于使用者通过控制面板操作控制机构，控制飞机钣金拉伸精度，操作简单，方便，且通过安装机构内壁粘连的橡胶垫，能够有效防止控制面板与安装机构的内壁直接接触，使得控制面板与安装机构之间发生碰撞，磨损现象，反之，通过将卡板与卡槽分离，从而将控制面板从安装机构的内部进行拆卸工作，十分方便使用者进行检修工作，该设置具有良好的可拆卸结构，十分便于使用者进行安装、拆卸、检修工作
34	一种基于可垂直起降无人机的低空隔离空域交通管理方法<sep>一种基于可垂直起降无人机的低空隔离空域交通管理方法<sep>包括对起飞前的无人机进行计划审核和起飞授权，以及对飞行中的无人机进行冲突检测和流量控制。对起飞前的无人机进行计划审核和起飞授权包括预估函数建立，计划审核的关键问题建模，近似求解算法和对起飞前的无人机进行起飞授权。对飞行中的无人机进行冲突检测和流量控制包括冲突检测，流量控制的关键问题建模和近似求解算法。本发明确保了无人机间保持间隔距离，等待时长最短，飞行满足交通规范假设<sep>有助于低空隔离空域的空中交通安全、快捷、有序的运行，进一步提高智能化和经济效应
34	飞行限制设定系统、飞行限制设定方法及飞行限制设定程序<sep>实施方式的飞行限制设定系统具有损伤检测单元、和飞行限制计算单元<sep>损伤检测单元检测在构成航空器的结构体产生的损伤。飞行限制计算单元设定与由所述损伤检测单元检测出的损伤的程度对应的所述航空器的飞行限制<sep>另外，实施方式的飞行限制设定方法包括：利用损伤检测单元检测在构成航空器的结构体产生的损伤的步骤；以及设定与由所述损伤检测单元检测出的损伤的程度对应的所述航空器的飞行限制的步骤
34	双曲柄摇杆无相差双对翼扑翼飞行器及其工作方法<sep>本发明公开了一种双曲柄摇杆无相差双对翼扑翼飞行器及其工作方法<sep>属于新型飞行器。它包括机架，以及安装于机架上的双对翼，所述的双对翼包括位于下层的下对扑翼以及位于上层的上对扑翼，上、下双对扑翼可以重叠在一起。机架上设有驱动电机、减速机构、平面四连杆机构和对称布置的扑翼摇杆，所述驱动电机输出轴连接于减速机构的输入端，通过一级减速齿轮机构再传递到二级齿轮减速机构上然后带动两侧的曲柄进行转动然后带动摇杆进行上下的扑动，最终带动摇杆上的两对翼上下扑动<sep>本发明提供由一种双曲柄摇杆无相差驱动机构驱动的双对翼飞行器，解决飞行过程中的稳定及升力不足的问题
34	一种飞行器舵面系统故障诊断方法<sep>本发明公开了一种飞行器舵面系统故障诊断方法<sep>该方法以飞行器方向舵的正常状态、松浮状态、损伤状态、卡死状态以及反向状态等典型工况下的输出信号为研究对象，首先将采集到的信号进行集合模态经验分解，获得一系列成分简单相对稳定的固有模态函数(imf)分量和剩余(res)分量；然后分别计算各阶分量的能量值并以此构成信号特征矢量；最后以此作为输入信息建立基于后验概率的多分类支持向量机，进而判定飞机舵面系统的故障类型<sep>本方法可以有效地应用于舵面系统的故障诊断中，并有较高的准确率
34	全向运动大型飞机水平装配对接13自由度混联调姿平台<sep>本发明涉及一种全向运动大型飞机水平装配对接13自由度混联调姿平台<sep>其包括车体、两个展翼举升高度位置控制装置、前调姿腿模块和前举升高度控制模块，每个展翼举升高度位置控制装置均包括展翼控制模块、举升位置控制模块、举升高度控制模块和调姿腿模块，两个展翼举升高度位置控制装置对称设于车体的第一端面和第二端面，且前举升高度控制模块和前调姿腿模块分别通过前举升位置滑块基板和前升降滑块基板与车体连接<sep>本发明提供的全向运动大型飞机水平装配对接13自由度混联调姿平台，不仅可以在装配对接时可以实现自动调姿，还可以对装配件不平整的表面进行自适应调整，同时可以对车体宽度进行调节，以适应不同装备工位的场地要求
34	一种基于流量调节姿态控制方式的喷水飞行器<sep>本发明涉及飞行器技术领域<sep>尤其涉及一种基于流量调节姿态控制方式的喷水飞行器，包括流量调节阀、进水管、喷水机构和驱动机构，喷水机构具有进水口和多个喷水口，进水口与进水管连接，流量调节阀可转动的设于进水口与多个喷水口之间，用于控制流向各个喷水口的水流量，驱动机构与流量调节阀连接，用于带动流量调节阀转动<sep>从喷水机构喷出的水给飞行器本体提供一个反向的推力，喷水量的多少能够调节推力的大小，通过调节各个喷水口的喷水量，可实现对飞行器飞行姿态的控制，该喷水飞行器只需通过流量调节阀调节各个喷水口的喷水量的大小，即可实现飞行器在三维空间的稳定飞行，无需再通过人的姿态调整重心来调整飞行器的姿态
34	一种飞机轮子刹车毂拆装装置<sep>本实用新型公开了一种飞机轮子刹车毂拆装装置<sep>包括左基座，所述左基座上端设置有左顶座，所述左基座与左顶座之间固定安装有左液压缸，且左液压缸共有三个，所述左基座一侧设置有右基座，所述右基座上端设置有右顶座，所述右基座与右顶座之间固定安装有右液压缸，且右液压缸共有三个，所述左顶座一侧设置有左顶座螺槽，利用两个半圆弧形的左顶座与右顶座，能够分别对飞机轮子安装架进行卡合，利用左液压缸与右液压缸，能够对飞机轮子安装架进行液压顶升，从而方便飞机轮子刹车毂进行拆装，利用两个半圆弧形的左基座与右基座，能够对下方进行卡合<sep>从而对所需要顶升的飞机轮子安装架进行全面顶升
34	单自由度多关节折叠翼传动装置、机翼及飞行器<sep>本发明提供了一种单自由度多关节折叠翼传动装置、机翼及飞行器<sep>该装置包括首端关节连杆、驱动单元、中间关节连杆组、首端转动锥齿轮组件、首端传动锥齿轮组件、末端关节连杆和末端转动锥齿轮组件，中间转动锥齿轮组件用于实现任意两个相邻的中间关节连杆间绕第一方向的相对转动以及驱动中间传动锥齿轮运动，中间传动锥齿轮组件用于实现驱动单元的动力传递，首端传动锥齿轮组件用于将驱动单元的动力传递至第一中间转动锥齿轮组件，末端关节连杆通过末端转动锥齿轮组件与第n中间关节连杆绕第一方向可转动连接<sep>应用本发明的技术方案，以解决现有技术中机翼不可折叠所导致的空间占用大以及运载能力差的技术问题
34	一种机载多发解锁式灭火航弹快速自动投弹器<sep>本发明公开了一种机载多发解锁式灭火航弹快速自动投弹器<sep>该投弹器包括该投弹器包括投弹框架、气源组件、送弹机构、投弹解锁机构、挂弹限位机构和三扇轮限位机构；送弹机构、投弹解锁机构和三扇轮限位机构由气源组件进行驱动，启停信号由控制面板上按钮操控，挂弹限位机构仅提供灭火航弹向投弹位水平运动的自由度；送弹机构安装在挂弹限位机构上做水平运动将灭火航弹推至投弹位，三扇轮限位机构安装在投弹位与待装填位之间的侧面，三扇轮限位机构在投弹时起到隔开投弹位和待装填位上两个灭火航弹的作用，补弹时起到让开供弹通道的作用；投弹解锁机构安装在投弹框架的投弹位上<sep>本发明能够实现不大于0.5秒间隔的连续高速投弹
34	一种超磁致材料飞机机翼防除冰装置及其控制系统和应用<sep>本发明涉及飞机机翼防除冰装置技术领域<sep>尤其涉及一种超磁致材料飞机机翼防除冰装置及其控制系统和应用。装置包括：上超磁致伸展块上缠绕第一磁致线圈，上蒙皮覆盖在第一磁致线圈上；下超磁致伸展块上缠绕第二磁致线圈，下蒙皮覆盖在第二磁致线圈上，且上超磁致伸展块、下超磁致伸展块的两端分别固定在各自的支撑板上；上蒙皮和下蒙皮之间通过中部柔性蒙皮实现连接，且上蒙皮和中部柔性蒙皮之间，以及，下蒙皮和中部柔性蒙皮之间，均通过连接片实现连接，从而形成“v”形结构；内衬板设置在中部柔性蒙皮的内侧表面上<sep>本发明通过控制超磁致材料进行微幅度驱动变形及线圈通电生热，综合对机翼进行防除冰工作，实现了机翼快速低能耗防除冰的目的
34	一种飞行器复合材料组件加工用定位装置<sep>本实用新型公开了一种飞行器复合材料组件加工用定位装置<sep>包括工作台，工作台底端两侧均固定连接有侧板，两个侧板底端端部均固定连接有底脚两个侧板之间设有调节机构，调节机构位于工作台下方，调节机构上对称设有第一夹持板和第二夹持板，工作台上设有第一开口和第二开口，第一夹持板和第二夹持板分别通过第一开口和第二开口穿过工作台，第一夹持板和第二夹持板之间的工作台上设有放置槽，第一夹持板和第二夹持板上端相对侧分别固定连接有第一横板和第二横板，第一横板插设在第二横板内，本实用新型能够对加工件四侧进行挤压和夹持，从而使加工件能够快速的进行定位和固定<sep>保证加工件的稳定性
34	一种拍摄控制方法、装置及飞行器<sep>本发明实施例涉及飞行器技术领域<sep>公开了一种拍摄控制方法、装置及飞行器。其中，所述方法包括：获取包含目标群体的待拍摄画面，所述目标群体包括至少2个目标对象；确定所述目标群体在所述待拍摄画面中所处区域的区域边界；根据所述区域边界所构建的几何图形，调整拍摄角度。从而实现自动调整拍摄角度，以获取得到合适的拍摄图像或拍摄画面，减少了拍摄过程中对飞行器的手动干涉，而且减少手动操作对续航时间的占用，从而提高了飞行器的续航能力<sep>并且，本发明实施例提供的拍摄控制方法特别适用于多目标拍摄，为多目标拍摄确定合适的拍摄角度
34	民用航空器的模拟失密可变调节装置<sep>本实用新型涉及一种民用航空器的模拟失密可变调节装置<sep>其特征在于，包括模拟窗口、配套安装于模拟窗口上的可变调节装置、以及配置于舱外且与模拟窗口相连通的负压抽气系统；所述可变调节装置包括与所述模拟窗口相适配的模板，以及用以将所述模板可拆卸安装于所述模拟窗口上的锁紧件；所述负压抽气系统包括负压罐、负压管路、电控闸阀和负压罩，所述负压罐带有真空泵，所述负压管路一端与负压罐相连，另一端与负压罩相连，所述负压罩设于模拟窗口的外部，负压管路上配备有电控闸阀。本实用新型实现了模拟飞行器失密、失压状态过程的可调节、可控制<sep>为飞机驾驶员、乘务人员的适应性训练和应急处置演练提供了模拟平台和设备保障
34	具有在提升位置与推进位置之间旋转的电机的载具配置<sep>本公开描述了一种无人航空载具(“uav”)(100)的配置<sep>所述配置将有助于延长的飞行持续时间。所述uav可具有任何数量的提升电机(102)。例如，所述uav可包括四个提升电机(也被称为四轴飞行器)、八个提升电机(也被称为八轴飞行器)等。同样地，为了提高水平飞行的效率，所述uav还包括枢轴组件(109)，所述枢轴组件可绕着轴线(624)从提升位置旋转到推进位置<sep>所述枢轴组件可包括两个或更多个偏移电机(610)，所述偏移电机生成差动力，所述差动力将导致所述枢轴组件在所述提升位置与所述推进位置之间旋转，而无需任何额外的电机或齿轮
34	飞行器辅助起降装置及其降落与起飞控制方法<sep>本发明提供一种飞行器辅助起降装置<sep>包括磁性部件及降落组件；所述降落组件具有降落表面、磁化部件及消磁部件；当所述磁化部件进入所述磁性部件的磁场范围内时，所述磁性部件能够对所述磁化部件充磁，使所述磁性部件与所述磁化部件产生磁性吸引力；所述飞行器开机并启动螺旋桨时，所述消磁部件能够消除或削弱所述磁性部件与所述磁化部件之间的磁性吸引力。磁性部件设置于飞行器上，并与不在飞行器上的降落组件的降落表面、磁化部件及消磁部件相配合，实现飞行器降落时的吸附固定与开机并启动螺旋桨时的吸附力消除或削弱，辅助飞行器自动起降，保证降落固定可靠，以保证飞行器的性能<sep>本发明还提供了一种飞行器辅助起降装置的降落与起飞控制方法
34	二级自动刹车的飞机电传刹车系统及刹车方法<sep>一种二级自动刹车的飞机电传刹车系统及刹车方法<sep>自动刹车开关安装在驾驶舱内；自动刹车开关通过电缆与液电阀实施电气联接<sep>自动刹车开关由驾驶员手动操纵，控制向液电阀提供或断开电源，控制液电阀接通或断开本发明利用现有成熟的附件构建自动刹车系统，使飞机正常刹车系统具有二级自动刹车能力，完善和扩充了正常刹车系统运行选择范围，最大限度充分利于跑道可提供的结合力矩，因此在使用自动刹车的刹车方式下较常规刹车缩短着陆滑跑距离35％左右，保障了飞机起飞着陆安全，提高了机场跑道利用率和装备利用率，经济、社会和军事效益明显。
34	用于垂直起降飞机的旋翼头<sep>本发明提供一种用于垂直起降飞机的设备。所述设备包含旋翼头<sep>所述旋翼头具有旋翼毂和多个旋翼叶片附接结构。所述附接结构围绕所述旋翼毂安置且从所述旋翼毂径向向外延伸。所述附接结构中的每一者可以由柔性基质复合物材料构造或另外包含柔性基质复合物材料<sep>另外或替代地，所述旋翼头可为单块式无轴承旋翼头
34	一种飞机轮胎夹持托举装置及其控制系统<sep>本发明公开了一种飞机轮胎夹持托举装置<sep>涉及飞机轮胎夹持托举装置技术领域。本发明包括u形支撑板、u形底座、夹持装置；u形底座包括一直板；直板两端对称固定两侧板；夹持装置包括弧形座；弧形座一侧面为弧形面；弧形面上固定一弧形夹板；弧形夹板两侧面固定弧形护板；弧形夹板与两弧形护板围成轮胎槽道。本发明还提供一种飞机轮胎夹持托举装置的控制系统<sep>本发明通过两侧板上固定两相互对称的夹持装置同时通过第一伸缩装置控制两夹持装置相对运动实现对飞机轮子夹持，通过弧形夹板与两弧形护板围成轮胎槽道与飞机轮胎匹配，提高夹持的稳定性，同时通过第二伸缩装置对加持装置的举升，便于飞机轮子安装以及检修
34	一种减振连接结构及具有其的飞机<sep>本申请属于飞机减振结构设计技术领域<sep>具体涉及一种减振连接结构，包括：支撑件，其上具有支撑腔，支撑腔壁面沿轴向上开设有支撑通孔；减振件，设置在支撑通孔中，与支撑件固定连接，具有弹性部件，弹性部件能够沿支撑通孔轴向发生弹性形变；连接件，沿支撑通孔轴向设置，其具有连接端及减振端，减振端与弹性部件连接<sep>此外，还涉及一种具有上述减振连接结构的飞机
34	用于冷却飞行器的至少一个自主电源的装置和方法<sep>本发明涉及一种用于冷却飞行器的至少一个自主电源(115)的装置(10)<sep>其特征在于，包括：用于使冷却流体(110)冷却的空气(110)的入口(105)，所述冷却流体(110)被引向所述飞行器的至少一个自主电源，热空气(120)的收敛形出口(130)，所述出口包括用于控制空气流量的活动装置(125)，和所述飞行器的监控装置(150)，所述监控装置根据所述自主电源的冷却需求(145)来控制用于控制空气流量的所述活动装置<sep>本发明还涉及一种用于冷却飞行器的至少一个自主电源的方法以及一种包括这种装置的飞行器
34	一种可自动躲鸟的微型四旋翼飞行器<sep>本实用新型公开了一种可自动躲鸟的微型四旋翼飞行器<sep>包括飞行器本体<sep>本实用新型通过马达驱动齿轮带动扇形齿轮在两个固定座上定向转动，从而使得安装板得以有效的通过连接件带动两个躲鸟器在飞行器本体上前后摆动，同时通过在飞行器本体上设有两个万向球并通过吊耳与销轴将两个电动推杆分别与飞行器本体和躲鸟器实施转动连接，从而使得两个躲鸟器在飞行器本体上前后摆动的同时还能够实现上下位置的驱动，且通过在躲鸟器外围设有的led灯带能够使得飞行器本体在天空飞行时实现对鸟群的警示作用的同时还能够通过摆动状态下的躲鸟器对鸟群实施驱赶的效果进而有效的实现躲避鸟群避免损伤的情况从而有效的弥补了现有技术中的不足。
34	航空器<sep>本发明涉及航空器。它包括机身、主机翼、尾翼和伸缩装置。机身中心轴线的轴向同航空器的前进方向平行。主机翼固定于机身沿自身中心轴线方向的中部偏前端。其伸缩装置构成形态之一是包括驱动电机、螺杆和套筒。驱动电机固定于机身内腹中。螺杆一端同驱动电机连接<sep>另一端可旋转地伸入套筒中。套筒同螺杆伸入端相对的一端固定有尾翼。套筒以径向和周向同时固定而轴向可滑动的方式安装在机身内腹中<sep>该航空器可在飞行中改变自身的转动惯量，进而获得优良的转向机动性
34	自主飞行器的近飞测试演习<sep>用于在执行任务之前通过在低海拔处执行简短的近飞测试演习来评估自主飞行器的操作条件的方法、设备、系统和非暂时性处理器可读介质。所述自主飞行器的处理器可以接收近飞测试演习指令<sep>所述近飞测试演习指令指示将被所述自主飞行器执行的近飞测试演习。所述处理器可以控制发动机以使所述飞行器在测试区域内执行近飞测试演习，获得指示在执行所述近飞测试演习时的稳定性和性能信息的数据，并且响应于所获得的数据采取行动。行动可以包括调整有效载荷、重量或者所述飞行器的一部分的位置以及调整飞行计划<sep>所述近飞测试演习可以包括用于测试在预期的飞行条件下执行飞行路径的所述飞行器的稳定性和有效载荷的一系列行动
34	一种用于飞机客舱的疫情防护面罩<sep>一种用于飞机客舱的疫情防护面罩<sep>包括帽子、罩片、通气软管和连接头，所述罩片连接于帽子面部处；所述帽子内一侧缝合有环形吊布，另一侧缝合有布片；所述通气软管出气端从罩片一侧穿入，经环形吊布并且压折后与布片进行缝合；所述通气软管穿入至帽子内的部分开设有若干出气孔，出气孔上一体连接有斜向的出气管；所述出气管的出气方向朝向罩片；所述通气软管进气端与连接头连接；所述连接头内开设有连接孔<sep>与现有技术相比，本实用新型的一种用于飞机客舱的疫情防护面罩，乘客在佩戴时，有效隔离和阻断飞机客舱内空气中的病菌、病毒在旅客间的传播，为旅客提供安全的客舱乘机环境
34	一种民航飞机空调流量控制活门状态监控装置和方法<sep>本发明公开了一种民航飞机空调流量控制活门状态监控装置和方法<sep>本发明方法和装置基于dfdau、acars、地面工程监控模块，通过在acms中增设用于监控fcv状态的事件触发逻辑，定制包含fcv状态参数的fcv报文的格式，在fcv空中非指令关断时，事件触发逻辑触发生成fcv报文，报文通过机载打印设备打印，和/或通过mcdu显示，和/或通过acars实时传输至地面工程监控模块，以便及时将fcv的状态通知给地面机务人员和/或机组，形成一种以故障报警触发实时监控的监控机制，减轻机组的压力，使机组不用时刻关注飞机的客舱高度来了解飞机的增压情况<sep>而是主动警告地面机务人员和/或机组潜在的应急状态
34	一种可垂直起降的变结构飞行器<sep>本发明公开了一种可垂直起降的变结构飞行器<sep>包括飞行器本体，所述飞行器本体包括推进装置和变结构机构；主要通过变结构机构实现在垂直起降和平飞模式切换中改变发动机推力作用点和方向的一种矢量推进技术。变结构机构一端和飞机连接，另一端和发动机连接。垂直起降时，变结构机构展开，发动机推力垂直向上；平飞时，变结构机构收起，发动机推力水平向前。变结构过程中发动机推力始终保持平行。本发明具有灵活的垂直起降和大航程飞行能力，给出了本发明的飞行控制原理<sep>具有结构简单，稳定性好，气动效率高，能源效率高，气动噪声低，隐身性能好，变结构过程中不改变飞机姿态，舒适性好
34	用于飞行器着陆缓冲试验的滑车台多级刹车及拦阻系统<sep>本申请属于抗冲击性能测试技术领域<sep>特别涉及一种用于飞行器着陆缓冲试验的滑车台多级刹车及拦阻系统，包括：两根水平滑轨；滑车台装置，滑动设置在两根滑轨上；推进装置，设置在两根滑轨的一端端部，为滑车台装置提供推力；刹车装置，包括多级刹车组件，且沿滑轨长度方向均匀间隔分布，用于在滑车台装置滑动到对应位置处时对滑车台装置进行多级刹车减速；拦阻装置，设置在两根滑轨的另一端端部，用于对滑车台装置进行拦阻<sep>本申请的滑车台多级刹车及拦阻系统，通过设计滑车台多级刹车系统和滑车台拦阻系统，保证大吨位高速结构能在拦阻系统末端速度减小为零，有效应用于滑车台高速冲击试验、大吨位高速结构缓冲减速设计等领域
34	一种涵道倾转飞行器<sep>本实用新型公开了一种涵道倾转飞行器<sep>包括机体，升降副翼，涵道组，垂直安定面。其中机体纵向截面为翼型截面，机体后部分为活动体，活动体上表面左右部分有一段水平面用于安装涵道组，升降副翼在活动体上。涵道组为四个，其中两个对称安装在机体前方两侧，可以90度倾转，剩余两个对称安装在活动体左边和右边水平面上，涵道口与水平面垂直，与活动体成为一体。本实用新型采用飞翼与涵道结合技术，控制简单，阻力小，航时长。在水平飞行和倾转过程时，活动体上的涵道有吸气作用，可以防止气流分离，同时提升机体的升力；前部分涵道不产生干扰。采用涵道噪声减小同时旋翼不外露更加安全<sep>垂直阶段迎风面小，抗风性好
34	一种油门台用摩擦阻尼装置<sep>本发明属于飞机油门操纵系统的应用开发领域<sep>涉及一种油门台用摩擦阻尼装置，其特征在于：所述摩擦阻尼装置采用一体式模块化设计，直接安装于油门台壳体上，与油门杆系统扇齿轮及调力旋钮相连，为油门杆提供操纵力；所述的摩擦阻尼装置采用双接触式摩擦副，油门杆操纵力可随摩擦副正压力变化而改变；所述摩擦阻尼装置由调节组件(1)和预紧组件(2)组成，调节组件(1)和预紧组件(2)通过连接螺钉(3)连接组成整体<sep>解决了传统阻尼装置不能实现外场可调问题的同时，摩擦阻尼装置受环境温度影响小，安装方便，维修性好
34	一种航天器低冲击空间对接密封装置<sep>一种航天器低冲击空间对接密封装置<sep>包括目标飞行器对接密封结构和追踪飞行器对接密封结构，目标飞行器对接密封结构和追踪飞行器对接密封结构两者结构相同，均包括前置密封件、后置密封件、保持架、紧固件和平面法兰，保持架通过紧固件与平面法兰连接，保持架与平面法兰相接触的一侧安装有后置密封件，保持架用于对接的一侧安装有前置密封件<sep>本发明能够满足空间对接飞行器低冲击对接系统对接面密封要求，具有低载荷、易对接、易分离、冗余密封以及反复使用的特性
34	一种航天器轻质零部件装配及调试过程中的重力卸载装置<sep>本发明公开了一种航天器轻质零部件装配及调试过程中的重力卸载装置<sep>括水平顶板、气足机构、弹簧机构和防护机构，气足机构的上部与水平顶板的下部负压或磁吸附；气足机构包括真空负压吸附单元、微压气膜减阻单元和固定架，其中，真空负压吸附单元和微压气膜减阻单元置于固定架的固定盘中，微压气膜减阻单元置于真空负压吸附单元外侧<sep>本发明通过恒力弹簧系统实现对航天器轻质零部件的重力平衡，能够满足大尺寸、航天器轻质零部件地面装配及展开测试过程中的重力卸载技术需求
34	控制构件、旋翼飞行器和方法<sep>本发明涉及一种控制构件(40)<sep>其能由飞行员操作以改变来自飞行器的推力系统(10)的推力。控制构件(40)包括操纵杆(41)和包括把手(55)的可运动组件(50)<sep>把手(55)通过螺旋连杆(57)联结至操纵杆(41)，把手(55)绕操纵杆(41)的转动引起把手(55)与可运动组件(50)一起沿操纵杆(41)的平移运动，把手(55)可沿第一平移方向(101)和与第一平移方向(101)相反的第二平移方向(102)平移运动
34	一种超声速飞行器内转式乘波前体进气道一体化设计方法<sep>本发明公开了一种超声速飞行器内转式乘波前体进气道一体化设计方法,包括以下步骤<sep>设计求解内转式乘波前体进气道轴对称基准流场；设计进气道入口型线在底部横截面的投影型线，分别为前体前缘线底部投影型线和进气道唇口底部投影型线；生成前体前缘型线点以及进气道唇口型线点，进而设计内转式进气道上壁面和下壁面；同时由前体前缘型线点设计内转式进气道外壁面<sep>由进气道唇口型线点设计进气道唇口外壁面，进而得到内转式乘波前体进气道一体化构型，所述超声速飞行器内转式乘波前体进气道一体化设计方法有效扩大捕获面积，增加流量捕获，从而解决了下颌式进气带来的流量损失问题，有效提高飞行器进气道的性能。
34	飞行器和布置这种飞行器的方法<sep>本发明涉及一种飞行器(10)<sep>其包括：至少一个电机(135)；供给电机的至少一个自主电源(110、120)；包含在下列组中的推进装置即辅助推进装置(130)：供给所述电机的自主电源(130)，将热能转换成电能且供给所述电机的电源，和内燃机；结构(100)，该结构被配置成整合每个电机、每个自主电源和所述辅助推进装置，无论辅助推进装置如何，所述结构的参数基本相同<sep>本发明还涉及一种用于布置这种飞行器的方法
34	一种分体客舱式民航客机<sep>本实用新型公开了一种分体客舱式民航客机<sep>包括机体，所述机体底部设置有客舱，所述客舱顶部设置有盒体，所述盒体内部设置有弹射组件，所述客舱底部设置有液压缸，所述液压缸伸缩端固定连接有推板，所述推板远离液压缸的一侧固定连接有销轴，所述销轴贯穿客舱并延伸至客舱外侧，所述机体靠近客舱一侧设置有销孔，所述销轴与销孔相匹配，所述客舱底端设置有第一弹簧<sep>本实用新型通过第二弹簧的作用力，可以将盖板向上弹起，从而使得盒体内部的降落伞可以打开，有利于带动客舱缓慢下降，通过将客舱和机体设计成分体式，遇到突发情况时，可以快速将客舱弹出，从而对客舱内部的乘客进行保护
34	用于模拟飞行器发动机主动冷却通道的试验件的设计方法<sep>本发明提供一种用于模拟飞行器发动机主动冷却通道的试验件的设计方法<sep>方法包括以下步骤：选取制备试验件所用材料，材料的选取原则为：使用材料制备得到的试验件在加电的条件下能够产生能量；确定试验件结构，设计试验件具有燃油流道，并且试验件的用于模拟朝向飞行器发动机燃烧室壁面方向的侧壁沿燃油流道方向采用非均匀变厚度设计，以用于模拟飞行器发动机燃烧室真实热环境<sep>采用本发明设计的试验件为主动冷却发动机冷却结构、吸热型燃料评价评估研究提供精确度较高的地面热环境，且操作方便，成本较低不产生额外污染，适合工程应用
34	一种阶梯式桨毂系统<sep>本实用新型提出一种阶梯式桨毂系统<sep>分为上桨毂系统和下桨毂系统；桨毂系统主体结构固定安装在旋转机翼飞机旋翼主轴上部，用于安装主桨叶，并实现主桨叶的传动和变距功能；下桨毂系统安装在旋转机翼飞机旋翼主轴上，并处于上桨毂系统主体结构下部，用于安装副桨叶，并实现副桨叶的传动和变距功能；下桨毂系统能够在旋翼主轴锁定后，控制副桨叶沿主轴轴向移动，并限定副桨叶轴向到位位置；其中当副桨叶沿主轴轴向自上向下移动到位时，副桨叶整体融入旋转机翼飞机机身内<sep>本发明实现副桨叶与机身融合的需要，可以确保固定翼飞行阶段副桨叶对飞行不产生干扰
34	飞机电子设备舱排气装置<sep>本发明涉及飞机电子设备舱排气装置<sep>该飞机电子设备舱排气装置包括：排气风扇，其入口端连接至电子设备舱排气总管，其出口端连接至位于机身蒙皮上的外部排气活门；以及推力回收喷管，其入口端连接至电子设备舱排气总管，其出口端连接至机身蒙皮，其上游还设置有电子设备通风活门，其是从入口端向出口端直径减缩的喷管；其中，当飞机处于地面或低空飞行状态时，电子设备舱中的热空气通过排气风扇抽吸至外部排气活门排出飞机外；当飞机处于高空飞行状态时，电子设备舱中的热空气通过推力回收喷管排出飞机外<sep>本发明的飞机电子设备舱排气装置能起到以下有益技术效果：能减少风扇工作时间，且产生推力回收效果
34	一种倒置进气布局的飞行器及其设计方法<sep>本发明提供一种倒置进气布局的飞行器及其设计方法<sep>包括飞行器前体以及设在飞行器前体底部的进气道；进气道的入口包括进气道唇口与进气道前缘，进气道唇口与飞行器前体贴合，进气道前缘位于进气道唇口的下方，进气道前缘位于进气道唇口的上游。相较于正置进气布局，倒置进气布局的进气道前缘在下、进气道唇口在上，气流经过这道激波其流动方向突变为靠近飞行器中轴线，此后在进气道中的流动也逐渐靠近飞行器中轴线，对于倒置进气布局而言，进气道后边所接的转弯隔离段设计难度降低，隔离段长度也大为缩短，其内部流动的气流转弯十分平缓，有效的降低了流动损失<sep>本发明应用于高超声速飞行器领域
34	一种蒙皮拉伸缺陷在线检测装置<sep>本申请提供了一种蒙皮拉伸缺陷在线检测装置<sep>涉及板料成形领域，旨在能够实时检测和定位飞机蒙皮拉伸的缺陷<sep>所述装置包括：声发射传感器阵列、拉伸设备、信号处理系统；所述拉伸设备上设置有槽孔，所述拉伸设备用于拉伸所述蒙皮；所述声发射传感器阵列安装在所述槽孔中，用于在所述拉伸设备对所述蒙皮进行拉伸的过程中，检测所述蒙皮产生的弹性波信号；所述声发射传感器阵列将所述弹性波信号发送给所述信号处理系统；所述信号处理系统通过vmd分解对所述弹性波信号进行分析，在所述弹性波信号的参数值大于正常阈值时，发出报警信号，以提示用户所述蒙皮存在缺陷
34	一种大尺寸薄壁铝合金贮箱半球壳体成形方法<sep>本发明涉及一种大尺寸薄壁铝合金贮箱半球壳体成形方法<sep>属于航天用贮箱制造技术领域，本发明实施例提供的大尺寸薄壁铝合金贮箱半球壳体成形方法，通过采用喷淋淬火使旋压件各个部分同时快速均匀地与水接触，保证了旋压件各部分具有相同的冷却速度，提高淬火应力分布的均匀性；还通过在粗加工、半精加工及精加工中分别匹配梯次递减的转速、进给速率和进刀量，控制淬火应力梯次性均匀释放并减小加工应力产生趋势<sep>此外，通过在半精加工和精加工前，分别增加至少一次冷热循环处理，进一步降低大尺寸半球贮箱壳体不同加工阶段的残余应力，使加工得到的贮箱半球壳体满足设计和使用要求(壁厚满足设计尺寸的0.9mm)，且尺寸合格率≥95％。
34	一种含有可嵌套分节外壳的空间可展的飞行器变形头锥<sep>一种含有可嵌套分节外壳的空间可展的飞行器变形头锥<sep>此头锥由可嵌套的分节式头锥外壳、交叉杆及其传动机构、平行导轨转动机构以及电机螺杆螺母驱动装置组成，本头锥的外壳能够在整体的偏转和伸长运动的过程中保持节与节之间的相互嵌套，保证相邻头锥壳体之间的线接触，因此该头锥的外壳具备的特殊形状特征可以大大提升头锥的密闭性，可以进一步提高变形头锥的可靠性，本头锥的头锥外壳、交叉杆机构以及侧面的平行导轨转动机构共同构成一个运动自由度为2的空间可展结构，在设计加入传动机构后实现分节式头锥外壳的整体联动<sep>得到一个只需要两个驱动进行控制的可变形的头锥
34	一种用于机载外挂件振动试验的支撑系统及其设计方法<sep>本发明提供的一种用于机载外挂件振动试验的支撑系统及其设计方法<sep>该支撑系统包括：由大梁和配重组成的结构支撑件、挂架转接装置和自由悬吊装置；所述挂架转接装置分别与结构支撑件的大梁及承载外挂件的挂架相连，用于间接将所述外挂件安装结构支撑件上；所述自由悬吊装置与所述结构支撑件相连，用于将结构支撑件、挂架转接装置、挂架与外挂件组合体悬吊起来，呈自由模拟状态<sep>利用结构支撑件来模拟外挂件安装在飞机上的动力学耦合效应，通过真实的边界模拟开展外挂件挂机振动地面试验，可以有效考核外挂件的动强度，保证外挂件的上机安全
34	一种利用形状记忆合金驱动收放的扑翼<sep>本发明涉及一种利用记忆合金驱动收放的扑翼<sep>包括框架、翼膜、电源及控制器；所述框架由形状记忆合金制成，并在通电和断电条件下呈现不同的形状，所述的翼膜由柔性材料制成，设于框架所形成的平面上，所述的控制器控制电源实现对框架的通电和断电，所述的框架在断电状态下形成展开的平面或曲面，扑翼呈现展开状态，在通电状态下卷曲收紧，扑翼呈现收起状态，翼膜与框架同步收放同步<sep>在飞行状态下，翼膜和框架作为升力面，用于扑翼高频拍动下产生气动升力，本发明显著减小飞行器的整体尺寸，增强其隐蔽性能，机构装置简单，容易加工装配。
34	一种开放式航空标准线路实训架<sep>一种开放式航空标准线路实训架<sep>包括：支架，设置于所述支架上的一对实训面板，设置于所述一对实训面板上的线路系统；所述支架包括：分别设置于前后且相同的两个安装框，所述两个安装框通过三对水平且对称的短连接杆连接；所述两个安装框包括竖直设置的第一支撑杆与第二支撑杆，所述第一支撑杆与第二支撑杆通过三对水平且对称的长连接杆连接；所述一对实训面板分别设置于两个安装框上<sep>所述线路系统包括：一对分别设置于所述实训面板左右端的航空连接器，设置于所述实训面板左上端的继电器，设置于所述实训面板右下端的端子排，以及用于将所述航空连接器、所述继电器和所述端子排连接的航空导线。
34	复杂空域多飞行器自主避险方法及装置<sep>本发明提供了一种复杂空域多飞行器自主避险方法及装置<sep>所述避险方法，包括：根据各飞行器的当前位置信息与当前运动信息，预测飞行器执行不同机动策略时，各飞行器之后预设时间内的飞行过程；根据所预测的飞行过程，得到期间内可能发生的风险事件；所述风险事件用于表征飞行器与其他飞行器发生碰撞或冲突的事件；根据所述风险事件与各飞行器的优先级排序，对飞行器执行不同机动策略时的风险进行评估<sep>若针对其中任意之一飞行器，根据评估的结果，确定了唯一的风险最小的机动策略，则以该风险最小的机动策略作为该飞行器的当前机动策略，以使得该飞行器以所述当前机动策略控制飞行：本发明使得飞行器可以自主进行避险。
34	一种球形舱体防护板非接触定位的安装方法<sep>一种球形舱体防护板非接触定位的安装方法<sep>涉及航天器制造技术领域；包括如下步骤：步骤一、根据节点舱制造8块防护板；步骤二、将其中1块防护板相对于节点舱进行径向定位；步骤三、安装n个防护板安装支座；步骤四、在防护板安装支座的轴向顶端安装定位支撑结构；步骤五、采用磁力柱遍历防护板的外壁；确定全部待打孔位置，并标记；步骤六、按照标记在防护板上打孔；将防护板通过安装在防护板安装支座上；步骤七、重复7次步骤二至步骤六；完成其余7块防护板的安装<sep>本发明解决了节点舱结构舱外防护板的安装问题，解决了遮挡空间无法准确钻打安装孔的问题，实现了快速获取防护板安装支座的定位点的坐标值。
34	航空器用舷窗密封结构<sep>本发明提供了一种航空器用舷窗密封结构<sep>包括依次设置的复合材料窗框、外层玻璃和内层玻璃，所述外层玻璃上套有多齿u型密封圈，所述复合材料窗框、外层玻璃和内层玻璃通过螺钉进行紧固连接；所述多齿u型密封圈包括外臂和内臂，所述螺钉依次穿过复合材料窗框、多齿u型密封圈的外臂、外层玻璃、多齿u型密封圈的内臂和内层玻璃。本发明通过螺钉压紧多齿密封圈实现舷窗外层玻璃与内层玻璃之间、外层玻璃与复合材料窗框之间的密封，并通过密封堵帽对舷窗中的螺钉头进行密封，从而实现整个舷窗的密封<sep>相对于传统客机舷窗密封，该舷窗密封设计具有结构简单，拆装方便、密封可靠的特点
34	飞行器及其飞行方法<sep>本发明提供一种可转变驱动的飞行器<sep>主旋翼装置，包括能相对机身位于后倾位置的主旋翼、可向主旋翼接入或断开动力的断连机构；副旋翼装置，包括副旋翼、副倾转机构；主旋翼直径大于副旋翼直径；主旋翼安装在靠近机身的前侧；副旋翼通过副倾转机构安装在机身的后侧，副倾转机构驱动副旋翼绕机身宽度方向的轴线在靠近机身的高度方向的第一位置和靠近机身的长度方向的第二位置之间倾转。沿机身长度方向，所述飞行器的重心位于所述主旋翼的旋转平面的中心和所述副旋翼的倾转轴之间；第一主旋翼和第二主旋翼对称地安装在机身两侧；第一副旋翼和所述第二副旋翼对称地安装在所述机身两侧<sep>可在旋翼机与多轴飞行器的飞行模式间灵活地切换
34	一种双余度气动刹车控制系统及方法<sep>一种双余度气动刹车控制系统及方法<sep>涉及航空技术领域。该系统包括开关选择系统、第一刹车系统和第二刹车系统；所述开关选择系统用于实现对所述第一刹车系统和所述第二刹车系统的选择或交叉使用；所述第一刹车系统和所述第二刹车系统用于对飞行器两轮的制动；所述第一刹车系统和第二刹车系统内部分别独立，由外部气源输入管路统一输入，经由所述开关选择系统进行管路选择及输出，从而对飞行器两轮进行冷气压力输出<sep>本发明提出了一种双余度气动刹车控制系统及方法，设有两套完全独立的刹车系统，构成简单，结构可靠，易于实现故障隔离，有效提高刹车系统的稳定性
34	一种倾转旋翼飞行器平尾及平尾倾转机构<sep>本实用新型公开了一种倾转旋翼飞行器平尾及平尾倾转机构<sep>涉及飞行器，具体包括倾转舵机，所述倾转舵机正面的输出轴上固定套接有舵机摇臂，舵机摇臂远离倾转舵机输出轴的一端转动连接有连杆，连杆远离舵机摇臂的一端转动连接有倾转摇臂，倾转摇臂的右侧设置有平尾主梁，平尾主梁的表面设置有平尾翼肋，平尾翼肋的数量为若干个，两个间距最短的平尾翼肋之间固定连接有升降舵舵机，平尾翼肋的平尾主梁的一侧设置有升降舵<sep>通过设置舵机摇臂、连杆、倾转摇臂和升降舵，达到了结构简单，倾转可靠、拆装便捷的效果，解决了因倾转翼倾转角度不足，导致速度慢、效率低，且固定翼机飞行器和旋翼机飞行器内部连接件结构复杂不易拆装的问题
34	一种带开缝襟翼、翼展连续可变的伸缩机翼机构<sep>本发明公开了一种带开缝襟翼、翼展连续可变的伸缩机翼机构<sep>由内段主翼；外段主翼；嵌套在内、外段主翼之间的中段主翼；分别与内、中、外段主翼连接的内、中、外襟翼；分别用于驱动外段主翼、中段和外段主翼沿展向运动的第一、第二直线电机；内、中、外段襟翼控制舵机组成；内段翼前梁和后梁一端与机身连接，另一端插入中段翼的前梁与后梁。外段翼前梁与后梁插入中段翼的前梁与后梁。中段襟翼嵌套在内、外段襟翼之间。各段机翼的前后梁均沿展向平行放置，三段机翼主翼均沿前后梁方向伸缩运动，同时带动三段襟翼实现伸缩运动。伸缩定位由直线电机内锁止机构实现。通过三个舵机控制襟翼收放<sep>机翼的气动载荷由蒙皮经翼肋传递至梁
34	一种机翼碎涡结构、机翼及飞机<sep>本实用新型公开了一种机翼碎涡结构、机翼及飞机<sep>该机翼碎涡结构包括设于飞机机翼本体前缘的第一开口和设于所述机翼本体后缘的第二开口，所述第一开口和所述第二开口通过连通管导通，所述连通管位于所述机翼本体内部<sep>运用本实用新型所述的一种机翼碎涡结构，通过所述连通管导通所述机翼本体前缘和后缘，由所述机翼本体前后压力差在所述连通管中产生吹向尾涡的气流，由于尾涡产生于所述机翼本体翼梢之后，所述连通管位于翼梢内侧，所述连通管导出的气流能够向尾涡施加侧向喷流，使涡环量不均衡，可以有效触发涡流的不稳定性，极大加速尾涡消散，减小尾涡对后机的影响，该机翼碎涡结构极其简单，制造十分方便，效果特别良好，便于推广
34	在模拟量制造量规上增加测量基准ers点的方法<sep>本发明属于飞机装配技术<sep>涉及一种在模拟量制造量规上增加测量基准ers点的方法。增加数字化制造基准ers点的步骤如下：复验模拟量制造量规；增加激光跟踪仪测量基准ers点；ers点(3)检查；调试安装装配工装上量规连接支座(5)；后续使用方法<sep>本发明提出了一种在模拟量制造量规上增加测量基准ers点的方法，能将模拟量制造体系和数字量制造体系连接起来，实现了将模拟量制造量规用于数字化工装制造中，使采用模拟量方法制造的老型号飞机改为数字化制造后，仍保证了飞机制造的一致性
34	一种高速飞行器机翼展开机构<sep>本实用新型公开了一种高速飞行器机翼展开机构<sep>包括收绳驱动器、拉绳、机身连接件、机翼大梁、螺旋弹簧、机翼锁死件、轴承、机身连接件立柱、机翼大梁立柱。直线驱动器和机身连接件固定在高速飞行器机身上。机身连接件与机身连接件立柱固定连接。机身连接件与机翼大梁通过机身连接件立柱和轴承铰接。螺旋弹簧一端与机身连接件固定连接，同时螺旋弹簧另一端与机翼锁死件固定连接。拉绳一端与机翼大梁立柱缠绕连接，拉绳另一端收绳驱动器连接<sep>本实用新型技术方案提供的高速飞行器机翼展开机构简单可靠，易于加工制造，可以方便地实现机翼的快速打开并锁死操作
34	一种中距耦合折叠双翼飞行器<sep>本发明公开了一种中距耦合折叠双翼飞行器<sep>属于飞行器气动布局设计技术领域。所述飞行器使用传统柱型机身，机尾具有三个几何外形相同的尾翼，飞行形态时，前翼具有后掠角使自身后缘线垂直于机身轴线，后翼为下单翼，后翼弦长为前翼弦长的50％；后翼具有前掠角，前翼与后翼的垂直距离即为机身的垂直高度；前翼后翼可以向后旋转折叠；折叠状态时，其前翼隐藏于机身侧方，后翼隐藏至机身的下方<sep>本发明能够利用后翼上表面的气流加速效果和后翼上表面的低压区，增强前翼后缘气流克服逆压梯度的能力，进而增加飞行器的升阻比，使其达到接近单翼飞行器甚至超出单翼飞行器的气动效率水平
34	基于可转翼片的同步摆动式双扑翼飞行器<sep>本发明涉及扑翼型飞行器和飞行机器人领域<sep>特别是一种基于可转翼片的同步摆动式双扑翼飞行器<sep>包括扑翼、摆动轴、连接件、第一减速器、步进电机、传动机构、第二减速器、电动机和机身框架，机身框架两侧对称的安装固定有两个水平方向的摆动轴，两个连接件分别连接在两个摆动轴上且相对转动，两个扑翼分别连接在两个连接件上且可相对转动，扑翼包括扑翼框架，以及安装在扑翼框架内的可转动的翼片，扑翼框架内还设置有扭簧用于翼片的复位，传动机构连接在两个连接件上，电动机通过第二减速器减速后带动传动机构运动使两个连接件同步上下摆动，两个步进电机分别两个第一减速器减速后分别带动两个扑翼转动
34	一种飞行器的铰链连接装置<sep>本发明公开了一种飞行器的铰链连接装置<sep>包括跑道状的臂接块、翅铰块、纵向板和压电双晶片，所述纵向板安装在臂接块的顶部和底部，所述臂接块和翅铰块内部均设置有内衬夹套，所述内衬夹套一端连接有硅胶填头，且所述硅胶填头位于臂接块和翅铰块相对面的内部，且所述硅胶填头的顶部和底部均为四分之一弧形，且和臂接块的右侧面，翅铰块的左侧面保持一致，所述压电双晶片横向穿过臂接块内部的内衬夹套进入翅铰块内部的内衬夹套中，所述翅铰块右端固定连接有球铰机构，通过使用球铰机构和压电效应的相结合<sep>从而改变传统的直接铰接的方式
34	一种曲线飞行航段及误差分布确立方法<sep>本发明提供了一种曲线飞行航段的确定方法<sep>包括s1建立航段曲线模型；s2回归模拟航段；s3估计航段侧向飞行误差分布；s4估计航段垂向飞行误差分布<sep>本发明利用大量样本数据通过统计分析技术拟合航段曲线、分析飞行误差，建立与航空器在航路中对应的空间位置匹配的航空器飞行误差分布，提高航空器碰撞评估的准确性，尤其适用于航空器曲线爬升阶段复杂情况或航班转弯情形，是安全风险评估的重大改进
34	一种可变面积可转动的仿生水平尾翼<sep>本发明一种可变面积可转动的仿生水平尾翼<sep>属于飞行器技术领域；包括平尾转动机构、平尾偏转控制机构和变面积机构；所述平尾转动机构一端固定于机身尾部中心位置，另一端与所述平尾偏转控制机构连接；两组所述变面积机构对称设置与所述平尾偏转控制机构两侧；所述平尾转动机构包括电机、电机座和第一转轴；所述平尾偏转控制机构包括第一舵机、第一连杆、第二转轴和尾翼支撑框架；所述第一舵机固定安装于所述第一转轴的输出端；所述变面积机构包括第二舵机、第二连杆、固定板、第一长杆、第二长杆和多个羽毛<sep>本发明具备航向操作能力，能够绕着对称轴整体转动，在转动一定角度后，增大了侧向的面积，意味着尾翼可以带来航向的力矩。
34	微型扑翼飞行器<sep>本发明公开了一种微型扑翼飞行器<sep>属于仿生飞行机器人设备领域。包括机翼架、扑翼机构、减速机构、机翼、被动旋转机构，扑翼机构包括连杆和机翼架，连杆通过销钉连接在减速机构的齿轮上，两翼架与机架中心相连并分别两侧。被动旋转机构包括旋转块与挡杆，挡杆位于机翼架上，旋转块随机翼轴进行旋转。机翼通过被动旋转机构连接到翼架上，机翼轴穿过翼架孔，并与旋转块相连。减速机构的齿轮分别连接到机架相应位置处，由微型电机带动小齿轮，形成二级减速机构<sep>本发明具有体积小、重量轻、能耗小，可同时实现机翼的拍打与被动旋转，更加有利于飞行器的飞行
34	带有固定翼的叶片可转卧式单轮式动翼飞行器<sep>本发明公开了一种带有固定翼的叶片可转卧式单轮式动翼飞行器<sep>包括轮式动翼、传动机构、凸轮、旋转轴、减速器、电动机、机身框架、固定翼、舵机和配重，设置在机身框架上的电动机通过减速器减速后带动旋转轴连续旋转，旋转轴轴线方向与飞行器纵向对称面垂直，轮式动翼固定连接在旋转轴上，传动机构连接轮式动翼和设置在机身框架上的凸轮，轮式动翼包括旋转框架，以及安装在旋转框架内的可转动的叶片，凸轮和传动机构用于控制叶片的转动和复位，机身框架上设置有固定翼用于产生升力，机身框架设置有舵机用于控制飞行方向，机身框架设置有配重用于保持机身左右平衡<sep>本发明可广泛应用于低雷诺数飞行的各类小型飞行器中
34	一种固定翼与滑翔机结合的海空两栖航行器<sep>本发明涉及一种固定翼与滑翔机结合的海空两栖航行器<sep>包括飞行控制装置组件、水下控制装置组件及防水密封舱组件；飞行装置组件与防水密封舱组件相连接，包含有旋翼组件、主机翼组件及尾翼组件，尾翼组件包含固定尾翼、垂直翼与水平翼；水下控制装置组件位于防水密封舱组件内，包括最前端的水囊与抽排水控制系统组件。本发明将固定翼飞行器与水下滑翔机的设计理念相结合，使用固定翼飞机的结构，结合水下滑翔机的运动控制系统，既可实现空中长距离、高速、高效率飞行，也可以实现水下长时间、长距离、低功耗滑翔航行<sep>可以根据需求自由设置水下滑翔路径，高效的进行锯齿状，或者螺旋潜浮运动，具有快速大范围水体采样、海空联合观测等广泛应用
34	高超声速组合楔乘波体设计方法<sep>本发明公开了一种高超声速组合楔乘波体设计方法<sep>属于高超声速飞行器设计领域。所述设计方法首先确定组合楔生成体的下表面楔角和侧面形状；然后基于求解二维横流问题的激波装配法确定组合楔乘波体的生成流场；再次给定前缘型线、后缘上表面型线或后缘下表面型线三者中的任意一条；最后在组合楔乘波体的生成流场中追踪流线，所得的生成流场流面即为组合楔乘波体的下表面；基于给定的来流条件追踪来流的流面，所得的来流流面即为组合楔乘波体的上表面<sep>本发明提出的高超声速组合楔乘波体具有较大的设计灵活度和较高的生成效率；在保证高升阻比的同时，能够为二维斜板进气道提供沿展向、流向和进气道高度方向均均匀的高品质入流
34	一种具有分裂式升降副翼和单涵道旋翼的飞行器<sep>本实用新型提供了一种具有分裂式升降副翼和单涵道旋翼的飞行器<sep>包括机身(10)、起落架(20)、分别设置于机身(10)左右两侧的左机翼(30)和右机翼(40)、以及安装于机身(10)后部的涵道动力装置(50)；所述起落架(20)设有两件以上，且分别设于机身(10)、左机翼(30)以及右机翼(40)上；所述左机翼(30)与右机翼(40)以机身(10)对称设置；所述涵道动力装置(50)与设置在机身(10)上的起落架(20)相连<sep>相较于其他垂直起降固定翼飞行器，本实用新型采用了分裂式升降副翼和涵道，具有结构简单、航程远、推力大、气动效率高、安全性高以及噪声小等优点
34	能悬停的扑翼飞行器及其控制方式<sep>本发明公开了一种能悬停的扑翼飞行器及其控制方式<sep>机舱的两侧均通过转轴连有倒三角板，倒三角板上端的一条直边与扑翼内端的下面铰接，倒三角板的下方通过控制机构的第一拉杆连接第一摇臂；机舱与后机身连接处设置有隔板，在支板中线位置安装有动力机构的电机，主尾翼的一端安装有第二舵机，滑块与副尾翼固定连接，第二舵机依次通过第二摇臂和第三拉杆与滑块连接。其飞行控制方式，包括动力控制、方向控制和俯仰力矩控制<sep>本发明能够实现扑翼飞行器垂直起降，起飞不需要投掷，实现空中悬停，能够使扑翼飞行器更易于操作和控制，可定点监控，控制方式方便可靠，可用于模型、搜救、航拍监控、机场驱鸟等领域，适合大批量生产
34	带涵道升力体的无骨架机身飞行器及机身结构设计方法<sep>本发明涉及一种带涵道升力体的无骨架机身飞行器<sep>所述无骨架飞行器包括：机身结构，所述机身结构由芯材及粘贴于芯材表面的蒙皮采用固化工艺制成，其中，所述机身结构具有用于为飞行器提供升力的机翼以及用于安装旋翼的涵道；支撑结构，所述支撑结构嵌入于所述机身结构的涵道内，其中，所述支撑结构采用在蒙皮固化于芯材之前或之后置于芯材的固化工艺；旋翼，所述旋翼安装于所述涵道，通过支撑结构与所述机身连接，用于为飞行器提供动力<sep>本发明的通过对机身结构的设计可通过高效的飞行器轻量化结构设计，可以有效减轻结构重量，增加飞行器的有效载荷，提高重量效率，并可降低制造成本
34	一种航天器用柔性多层在轨更换装置<sep>本发明提供了一种航天器用柔性多层在轨更换装置<sep>包括壳体，以及至少一组设置在壳体上的摆臂机构，以及壳体内设置的电机驱动机构；所述摆臂机构包括两个竖直且对称设置在壳体两侧的、由驱动机构驱动反向摆动的平行四连杆，每个平行四连杆底部设有一和多层顶面的一个弧形接口对应的水平撑板，平行四连杆顶部两个转轴位于同一水平面内，且其中一个转轴和驱动机构对应设置<sep>本发明采用单输入、双平行四连杆联动式双输出方式，实现水平撑板的横向收缩和张展，水平撑板通过多层接口实现对柔性多层的撑展，进而通过本装置的推压和拉拔可实现柔性多层在空间飞行器上的更换；为航天器在轨更换柔性多层提供了可行途径
34	一种机身翻板式推力减小装置<sep>本发明公开了一种机身翻板式推力减小装置<sep>包括第一挡板部、第二挡板部、上侧导流板、下侧导流板；所述上侧导流板通过传动机构相对于所述第一挡板部地形成转动连接地与所述第一挡板部装配，且所述上侧导流板通过所述传动机构能够相对所述第一挡板部翻转一定角度；所述下侧导流板通过传动机构相对于所述第二挡板部地形成转动连接地与所述第二挡板部装配，且所述下侧导流板通过所述传动机构能够相对所述第二挡板部翻转一定角度；所述下侧导流板和第二挡板部为飞行器机身部的一部分<sep>本发明将飞行器机身部部分作为第二挡板部和下侧导流板，然后其与动力组件上部安装的第一挡板部和上侧导流板形成配合，组成了结构紧凑的推力减小装置。
34	基于空间位置的菲涅尔透镜光学助降系统可视化仿真方法<sep>本发明公开一种基于空间位置的菲涅尔透镜光学助降系统可视化仿真方法<sep>步骤如下：获取菲涅尔透镜光学助降系统坐标、下滑道入口坐标、下滑道入口处光束的层高h、下滑道入口处最低层光束下表面距离航母甲板平面的高度h；获取飞机的实时坐标；判断飞机是否进入下滑道入口来判断是否需要开启光学助降系统；根据飞机坐标、航母坐标和菲涅尔透镜光学助降系统坐标实时计算，判断此时飞机的飞行高度情况；根据飞机所处的不同飞行高度情况，输出灯光代号；根据输出代号，在飞行员视角进行灯光显示<sep>该方法依据航母及其助降设备的基本参数，通过舰载机及菲涅尔透镜光学助降系统的空间位置演算，实现了菲涅尔透镜光学助降系统的快速可视化仿真
34	一种飞机航向约束点误差主动控制方法<sep>本发明涉及一种飞机航向约束点误差主动控制方法<sep>包括如下步骤：步骤1、试验机支持部位航向约束点安装位控作动筒、位移传感器和测力传感器，其中位控作动筒与位移传感器构成闭环控制，测力传感器实时监视试验机支持部位约束点的受力大小；步骤2、在试验机非考核部位选择一个航向力控主动加载点，安装力控作动筒和测力传感器，使得主动加载点的载荷能够传递至航向约束点；步骤3、将约束点测力传感器与选择的非考核部位航向力控作动筒构成闭环控制系统，向力控作动筒施加航向约束点目标载荷，将约束点被动加载变为主动加载<sep>本发明通过构建闭环控制条件，能够将航向约束点误差主动控制在相应加载控制精度内；控制过程自动进行，在试验连续运行时，仍能起到主动控制作用；加载控制精度可调；应用灵活方便、操作简单
34	飞机侧杆操纵装置及具有其的飞机<sep>本发明公开了一种飞机侧杆操纵装置<sep>包括驾驶杆总成、人感系统、布置在第一位置处的主设备箱体和布置在第二位置处的驾驶杆箱体，所述人感系统设置于主设备箱体上，所述驾驶杆总成设置于驾驶杆箱体上，驾驶杆总成通过推拉钢索与人感系统连接。本发明的飞机侧杆操纵装置，将驾驶杆手柄与人感系统的部件分别布置在不同的箱体内，方便布置，可以节省驾驶员身边宝贵的座舱空间；而且采用柔性的推拉钢索传递力和位移，使安装空间和传递路线的布置更灵活；整个系统结构简洁，功能性强，适用范围广，既可应用于并联座舱，也可应用于串列座舱<sep>本发明还公开了一种飞机
34	一种可伸缩结冰探测棒<sep>本发明公开了一种可伸缩结冰探测棒<sep>属于飞机结冰探测技术领域。所述可伸缩结冰探测棒包括带传动齿的结冰探测棒本体、套管、与所述探测棒本体齿轮啮合的带发条齿轮以及电连接器，由齿轮驱动结冰探测棒本体伸出套管，所述套管的侧壁上设置有通孔，以接纳设置在本体上的可控定位销，以限制本体的相对于套管的轴向运动<sep>本发明可伸缩结冰探测棒用以防止结冰探测棒在飞机覆盖蒙布时被蒙布损坏，并在飞机上电时能够自动伸出飞机蒙皮之外，减小了地勤人员由于疏忽而导致的飞机蒙布对结冰探测棒损坏概率
34	一种闭环式飞机燃油箱机载惰化系统<sep>本发明公开了一种闭环式飞机燃油箱机载惰化系统<sep>包括油箱，油箱气体出口通过管道连接冷凝器入口，冷凝器气体出口通过管道依次连接有第一阻火器、气体干燥器、第一流量传感器、气体压缩机、电动压力调节阀气体入口，电动压力调节阀气体出口通过管道依次连接有第一换热器、第一压力传感器、第一温度传感器，第一温度传感器另一端分别与第一电动截止阀入口连接和第二电动截止阀的入口连接；第一电动截止阀出口管道连接有常规中空纤维膜分离器入口；第二电动截止阀出口管道连接有应急中空纤维膜分离器入口<sep>本发明能避免发动机引气导致代偿损失增加，系统重量及尺寸小，满足不同工况下的惰化需求，模式切换，系统工作更为智能
34	类轴对称倾斜出口收扩喷管及其设计方法<sep>本发明公开了一种类轴对称倾斜出口收扩喷管及其设计方法<sep>属于飞行器领域，旨在提供一种类轴对称倾斜出口收扩喷管及其设计方法，其技术方案要点是：1）包括气流以轴对称喷管的流动特性通过的喷管，喷管的出气口倾斜设置；2）设计步骤：基于特征线法计算得到初始流场，并获得原始轴对称喷管型面；在原始喷管喉道截面所在的平面内，作目标喷管的喉道截面圆(简称目标圆)与之内相切，建立目标圆与原始喷管喉道截面的对应关系；在初始流场中根据目标圆进行流线追踪，通过三维造型设计得到喷管型面<sep>本发明的优点是：1.具有轴对称喷管最大推力特性；2.喷管出口倾斜能够避免机尾擦地现象发生；3.减轻重量；4.保护机体不受高温烧蚀
34	用于飞行器的安全装备和用于为飞行器确定着陆表面类型的方法<sep>一种用于飞行器(尤其是用于水陆两用飞行器)的安全装备(300、310、320、330、340)<sep>其被配置为确定着陆表面的类型(例如水面/坚硬地面)并且包括：被配置为操作于电磁波长上的第一收发器(301)、被配置为操作于超声波长上的第二收发器(302)和确定装置
34	一种带机械回中功能的飞机作动系统<sep>本发明公开了一种带机械回中功能的飞机作动系统<sep>属于飞机作动系统技术领域，包括作动器控制器(1)、带机械回中机构的作动器(2)、机械回中杆(3)以及支座(4)。作动器安装在垂尾后梁上，机械回中杆(3)一端与作动器连接，另外一端与支座(4)连接，支座(4)安装在舵面上。电传模态下，作动器控制器(1)接收来自飞控计算机的指令后转换为输出指令送到作动器，作动器响应作动器控制器(1)的指令运动进而驱动舵面偏转，此时作动器上的机械回中机构处于悬浮状态，不响应作动器接收的指令<sep>当由电传控制模态转换为机械回中模态后，作动器上的机械回中机构开始工作，通过机械回中杆对舵面位置的反馈，驱动舵面回到中立位置
34	一种应用于飞机驾驶舱的显示触控交互系统<sep>本发明公开了一种应用于飞机驾驶舱的显示触控交互系统<sep>涉及飞机技术领域。包括驾驶舱顶部前方控制界面、驾驶舱顶部后方控制界面、中央操纵台前方第一控制界面、中央操纵台前方第二控制界面和中央操纵台后方控制界面；驾驶舱顶部前方控制界面、驾驶舱顶部后方控制界面、中央操纵台前方第一控制界面、中央操纵台前方第二控制界面和中央操纵台后方控制界面中的至少一个包括二位滑动控件；二位滑动控件包括：滑块、滑道、分别设置在滑道两端的on位和off位以及apu自检进度条<sep>本发明具有防误触性能高、节约了驾驶舱空间、减轻飞行员操作任务等优点
34	一种用于航天运载器回收的着陆支撑机构及航天运载器<sep>本发明提供一种用于航天运载器回收的着陆支撑机构及航天运载器。该着陆支撑机构包括设置在航天运载器着陆端舱段的植入腿装置<sep>所述植入腿装置包括支架筒和伸出支腿，所述支架筒一端与航天运载器着陆端舱段固定连接，另一端与所述伸出支腿弹性连接，伸出支腿远离航天运载器的一端还设有硬质钻进顶尖。在着陆时，设有硬质钻进顶尖的伸出支腿插入着陆区表面内，以保证航天运载器的稳定着陆<sep>本发明通过在航天运载器的着陆端装配着陆支撑机构，在航天运载器着陆时，通过使植入腿装置插入着陆区表面内，对航天运载器减速和减震的同时还可以避免航天运载器倾倒，提高了航天运载器回收的成功性和稳定性，便于航天运载器的重复使用
34	丝状滑动放电闭环等离子体控制系统及其控制方法<sep>本发明公开的丝状滑动放电闭环等离子体控制系统<sep>包括有依次连接的电子扫描阀、嵌入式系统控制器、丝状滑动放电等离子体激励器及电源系统，电源系统还分别与电子扫描阀及嵌入式系统控制器连接。本发明系统能够通过影响细长体背部原有的非对称流动结构，进而实现对细长体侧向力控制的目标<sep>本发明还提供了该丝状滑动放电闭环等离子体控制系统控制细长体背部非对称流的方法，改善了传统飞行器的操纵舵面的控制效能，有望极大提升飞机的飞行性能
34	空速测量系统<sep>本发明提供一种可在水平方向测量低速飞行器的空速的技术<sep>空速测量系统是低速飞行器用的空速测量系统，具备可对低速飞行器的飞行状态中的水平方向的至少两个轴测量空速的流量传感器
34	飞行器的脚架驱动机构<sep>本发明公开了一种飞行器的脚架驱动机构<sep>所述脚架驱动机构包括：舵机，所述舵机通过脚架安装座固定于飞行器的骨架；齿轮组，所述齿轮组安装于舵机机轴和飞行器脚架转轴之间，以在所述舵机的作用下，控制所述脚架的伸展和回收<sep>本发明由于舵机在停止旋转时保持转轴所处位置不变，进而导致了脚架展开和回收角度的确定，本发明利用舵机和齿轮组的传动实现对脚架伸展和回收的精准控制，当舵机停止旋转时确保了飞行器的脚架在受到一定外力作用时会受到舵机的影响而不会强迫展开和回收
34	一种旋转机翼飞机的油电混合动力匹配方法及系统<sep>一种旋转机翼飞机的油电混合动力匹配方法及动力系统,其特征是采用油动发动机和电动机组合作为动力系统<sep>选择经济油耗功率满足飞机巡航阶段需用功率的油动发动机，电动机功率为垂直起降阶段飞机最大需用功率与油动发动机最大功率的差值<sep>本发明既保证了动力系统的最大输出功率满足飞机垂直起降需求，同时在固定翼巡航阶段可以确保油动发动机可以在高效、低功耗状态下工作，提高飞行效率，也改善了发动机工作条件，可提高发动机工作寿命
34	高超声速飞行器机体与内转式进气道一体化设计方法及系统<sep>本发明公开一种高超声速飞行器内外流一体化设计方法、构型及系统<sep>该设计方法首先生成内转式轴对称基准流场和外压缩基准流场，并在设计条件下生成内转式激波以及外压缩激波，两激波相交生成激波交线，然后设一与基准流场回转轴线垂直的底部投影面，在此投影面上生成激波交线的投影线以及设计乘波体前缘线的投影线，随后生成乘波面、自由流面、内转式进气道以及进气道外整流罩。上述生成的内转式进气道、进气道外整流罩、乘波面和自由流面共同形成高超声速飞行器内外流一体化构型<sep>本发明设计的高超声速内外流一体化构型基本保留了内转式进气道的优良性能和乘波体的高升阻比特性，从流场耦合的角度出发减弱机体与进气道之间的复杂的波系干扰
34	具有紧急漂浮系统的飞行器<sep>本发明涉及一种具有紧急漂浮系统(7)的飞行器(1)<sep>所述紧急漂浮系统(7)在所述飞行器(1)紧急降落在水上之际被激活，以用于防止至少所述飞行器(1)的沉没，其特征在于，提供了倾覆避免浮力系统(8)<sep>所述倾覆避免浮力系统(8)在预定激活准则被满足且只有在所述飞行器(1)紧急降落在水上之际所述紧急漂浮系统(7)激活之后才被激活
34	一种航天器在轨故障检测和故障处理系统及方法<sep>一种航天器在轨故障检测和故障处理系统及方法<sep>属于自动化技术领域。本发明系统包括航天器网络接口、快速故障数据输出接口、关键参数采集器、大数据故障信息存储器、故障诊断知识库、故障逻辑推理机、故障结论表、故障处理指令单、故障处理执行器<sep>该发明克服了现有技术的不足，通过大数据故障信息存储器将航天器故障信息存储起来，对航天器故障进行综合处理，克服了航天器故障分级处理带来的大量软硬件开销；同时本发明建立航天器在轨故障诊断知识库、故障逻辑推理机，可在轨进行自动诊断，提高了航天器的智能化水平，并通过地面遥控手段不断更新升级故障诊断知识库、故障逻辑推理机，使航天器在轨可靠性增长
34	具有自适应激波控制凸起的飞行器机翼<sep>本发明涉及具有自适应激波控制凸起的飞行器机翼<sep>在一个方面中，提供一种具有上表面元件和第一致动器驱动机构的飞行器机翼，上表面元件包括：具有刚度s的上游段；具有刚度s的下游段；具有刚度s的互连段，互连段沿上游段的整个下游边缘和下游段的整个上游边缘或者至少沿上游段的下游边缘的大部分和下游段的上游边缘的大部分延伸，互连段具有使上表面元件呈凸形形状的机械预应力，s<s、s；将上游段的上游边缘与飞行器机翼的上表面互连的联接元件；并且第一致动器驱动机构使上表面元件下侧的第一接触部与机翼的内部结构件上的第二接触部互连，第一致动器驱动机构通过控制第一接触部与第二接触部之间的距离来控制上表面元件的形状
34	用于航天运载器回收的伞降式回收系统及航天运载器<sep>本发明提供一种用于航天运载器回收的伞降式回收系统及航天运载器。伞降式回收系统包括姿态控制机构、支撑机构、伞降机构以及控制航天运载器向目标区域运动的尾翼方向舵控制机构。航天运载器分离后通过姿态控制机构控制航天运载器发生翻转使分离舱段作为着陆端<sep>经过伞降结构减速，在着陆时通过支撑机构伸入至着陆表面之内，对航天运载器减速和减震的同时还能避免倾倒<sep>本发明提供的航天运载器包括所述伞降式回收系统，进而可以调控航天运载器发生翻转使分离舱段作为着陆端，并通过能够插入着陆区的支撑机构支撑箭体着陆，降低了生产成本的同时也提高了航天运载器回收的成功性和稳定性，同时也可以避免动力舱段受到损害，便于重复使用
34	具有中间冷却器的辅助功率单元<sep>一种用于飞行器的辅助功率单元<sep>具有：压缩机；中间冷却器，其包括具有与压缩机出口流体连通的入口的（多个）第一导管和被构造成用于循环通过其的冷却剂的（多个）第二导管；具有与（多个）第一导管的出口流体连通的入口的发动机核心；以及通过引气空气阀与（多个）第一导管的出口流体连通的引气导管。辅助功率单元可以包括发电机，其与发动机核心的轴驱动地接合，以便为飞行器提供电功率<sep>还公开了向飞行器提供压缩空气和电功率的方法
34	飞机热管理系统的油箱冷却子系统<sep>本发明提出了针对新一代高性能超声速飞机的一种飞机热管理系统的油箱冷却子系统<sep>该新型飞机热管理系统通过低温pao冷却回路将蒸发器与储油箱串联，利用蒸汽压缩制冷机组为燃油热沉冷却，避免燃油热沉温度升高带来的难题；蒸汽压缩制冷机组会根据二次能源系统的功率负载状况调节制冷量，合理利用二次能源系统的富余功率输出，避免二次能源系统能量过载；在发动机风道空气串联入高温pao冷却回路中，减少热管理系统对燃油热沉的依赖，合理的利用各种机载冷源，增加整机的热沉冷却能力；油箱冷却回路利用并联分布的浸没式盘管换热器为油箱系统中各子油箱冷却，其结构简单，能根据各子油箱温度差异控制pao冷却工质的流量，使冷却效率最大化
34	飞行器燃料测量<sep>本发明涉及飞行器燃料测量。提供了一种估计飞行器的燃料箱中液体燃料的量的方法。用光来照射燃料的表面<sep>以便光被燃料的表面反射或散射到传感器阵列上。光经由包含传输介质的测量路径行进到燃料表面以及从燃料表面行进。对于每个传感器，获得针对经由测量路径行进到该传感器的光的测量飞行时间。用光经由参考路径来照射多个传感器中的至少一个，参考路径包含具有与测量路径中传输介质的折射率基本相同的折射率的传输介质，该参考路径具有不根据燃料的量而变化的已知参考距离。测量光经由参考路径行进到多个传感器中的至少一个的参考飞行时间<sep>根据测量飞行时间、参考飞行时间和已知参考距离来估计燃料箱中燃料的量
34	一种民航ads-b地面站系统高精度时钟冗余备份方法<sep>本发明公开了一种民航ads‑b地面站系统高精度时钟冗余备份方法<sep>在民航空管ads‑b地面站系统中设置3台地面站，每台地面站包括gps接收机、fpga和cpu；3台地面站通过共享秒脉冲、共享utc时间手段实现高精度时钟冗余备份。本发明技术方案实现了一种民航ads‑b地面站系统高精度时钟冗余备份设计方法，该方法通过网络组播共享utc时间、通过离散线共享秒脉冲技术，在只有一个ads‑b地面站gps正常工作的情况下使整个系统其他地面站都能够正常工作极大提高了系统可靠性<sep>在多个设备gps锁定的情况下，该方法同时利用高精度时间均值设计消除单个gps接收机秒脉冲抖动产生的误差，使输出报文的时间戳更加准确
34	一种旋翼机身一体化的四桨叶旋转机翼飞机<sep>本实用新型提出一种旋翼机身一体化的四桨叶旋转机翼飞机<sep>包括机身、鸭翼、四桨叶旋转机翼和尾翼、提供旋转机翼飞机前飞动力的螺旋桨、反扭矩装置、动力系统和飞控系统以及起落架；机身上表面在机身纵向对称面位置具有凹陷，凹陷尺寸与副桨叶匹配，实现副桨叶融入机身内部；四桨叶旋转机翼通过阶梯式桨毂系统安装在旋转机翼飞机旋翼主轴上；阶梯式桨毂系统分为上桨毂系统和下桨毂系统<sep>本发明通过设计可轴向移动的下桨毂，使得副桨叶能够在固定翼飞行模式下与机身融合，大大减小了副桨叶在固定翼飞行模式下的扰动以及阻力，减小了巡航飞行时的阻力，最大限度的提高了巡航时的升阻比，从而提升巡航效率，保证了旋转机翼飞机的高速飞行能力
34	包括可折叠空气动力学结构的飞行器及制造用于飞行器的可折叠空气动力学结构的方法<sep>一种制造用于飞行器的可折叠空气动力学结构比如机翼的方法<sep>机翼(1)包括内部区域(1)和能够在飞行构型与地面构型之间相对于内部区域旋转的外部区域(3)<sep>该方法包括：通过确定欧拉旋转轴线(11)的位置和取向以及确定切割面(13)来设计可折叠空气空力学结构的步骤，其中，外部区域绕该欧拉旋转轴线旋转以到达地面构型，切割面垂直于欧拉轴线并分离内部区域和外部区域；以及反复地重复该过程直到获得满足至少一个设计准则的优选切割面(13)为止
